Date,port_val,pnl,ETH,USDT,BTC,SOL,BNB,ADA
2023-07-01,-3.602600000000052,-3.602600000000052,0.517119232181364,-1003.6025999999999,0.0,0.0,0.0,0.0
2023-07-02,-8.406637666964912,-4.8040376669648595,0.517119232181364,-1003.6025999999999,0.0,0.0,0.0,0.0
2023-07-03,-1.6944300332507964,6.712207633714115,0.517119232181364,-1003.6025999999999,0.0,0.0,0.0,0.0
2023-07-04,7.644743299944594,9.33917333319539,0.517119232181364,-1003.6025999999999,0.0,0.0,0.0,0.0
2023-07-05,-2.3563426504429117,-10.001085950387505,0.517119232181364,-1003.6025999999999,0.0,0.0,0.0,0.0
2023-07-06,-15.71870361000947,-13.362360959566558,0.517119232181364,-1003.6025999999999,0.0,0.0,0.0,0.0
2023-07-07,-56.11778712373132,-40.39908351372185,0.517119232181364,-3010.8078,0.033449928634577256,50.99439061703213,0.0,0.0
2023-07-08,60.951303182797346,117.06909030652866,0.0,-1035.4280950833934,0.0,50.99439061703213,0.0,0.0
2023-07-09,76.75956427407732,15.808261091279974,0.0,-1035.4280950833934,0.0,50.99439061703213,0.0,0.0
2023-07-10,51.77231287173163,-24.98725140234569,0.0,-1035.4280950833934,0.0,50.99439061703213,0.0,0.0
2023-07-11,50.752425059391044,-1.0198878123405848,0.0,-1035.4280950833934,0.0,50.99439061703213,0.0,0.0
2023-07-12,90.01810583450583,39.26568077511479,0.0,-1035.4280950833934,0.0,50.99439061703213,0.0,0.0
2023-07-13,83.38883505429158,-6.629270780214256,0.0,-1035.4280950833934,0.0,50.99439061703213,0.0,0.0
2023-07-14,276.52560486561254,193.13676981132096,0.49888001436774443,-5049.838495083393,0.0317922263555649,50.99439061703213,3.9047247169074577,2803.4763106251753
2023-07-15,124.60746834862937,-151.91813651698317,0.49888001436774443,-4089.6189769064745,0.0,50.99439061703213,3.9047247169074577,2803.4763106251753
2023-07-16,168.63849166650277,44.031023317873405,0.49888001436774443,-4089.6189769064745,0.0,50.99439061703213,3.9047247169074577,2803.4763106251753
2023-07-17,95.6379244582887,-73.00056720821408,0.49888001436774443,-4089.6189769064745,0.0,50.99439061703213,3.9047247169074577,2803.4763106251753
2023-07-18,54.32855442001892,-41.309370038269776,0.49888001436774443,-3139.904511229005,0.0,50.99439061703213,0.0,2803.4763106251753
2023-07-19,-23.35170467288424,-77.68025909290316,0.49888001436774443,-3139.904511229005,0.0,50.99439061703213,0.0,2803.4763106251753
2023-07-20,48.359125248145006,71.71082992102924,0.49888001436774443,-3139.904511229005,0.0,50.99439061703213,0.0,2803.4763106251753
2023-07-21,-15.811569202229975,-64.17069445037498,0.49888001436774443,-3139.904511229005,0.0,50.99439061703213,0.0,2803.4763106251753
2023-07-22,-19.15421858230036,-3.342649380070384,0.49888001436774443,-3139.904511229005,0.0,50.99439061703213,0.0,2803.4763106251753
2023-07-23,-97.12278768918623,-77.96856910688587,0.0,-966.2004439829906,0.0,0.0,0.0,2803.4763106251753
2023-07-24,-77.21810588374751,19.904681805438713,0.0,-966.2004439829906,0.0,0.0,0.0,2803.4763106251753
2023-07-25,-110.29912634912455,-33.08102046537704,0.0,-966.2004439829906,0.0,0.0,0.0,2803.4763106251753
2023-07-26,-114.78468844612473,-4.485562097000184,0.0,-966.2004439829906,0.0,0.0,0.0,2803.4763106251753
2023-07-27,-105.81356425212425,8.971124194000481,0.0,-966.2004439829906,0.0,0.0,0.0,2803.4763106251753
2023-07-28,-103.57078320362416,2.242781048500092,0.0,-966.2004439829906,0.0,0.0,0.0,2803.4763106251753
2023-07-29,-97.40313532024868,6.16764788337548,0.0,-966.2004439829906,0.0,0.0,0.0,2803.4763106251753
2023-07-30,-88.71235875731065,8.690776562938026,0.0,-966.2004439829906,0.0,0.0,0.0,2803.4763106251753
2023-07-31,-81.42332034968524,7.289038407625412,0.0,-966.2004439829906,0.0,0.0,0.0,2803.4763106251753
2023-08-01,-105.5332166210618,-24.109896271376556,0.0,-966.2004439829906,0.0,0.0,0.0,2803.4763106251753
2023-08-02,-99.41119032445393,6.122026296607871,0.0,-99.41119032445393,0.0,0.0,0.0,0.0
2023-08-03,-99.41119032445393,0.0,0.0,-99.41119032445393,0.0,0.0,0.0,0.0
2023-08-04,-99.41119032445393,0.0,0.0,-99.41119032445393,0.0,0.0,0.0,0.0
2023-08-05,-99.41119032445393,0.0,0.0,-99.41119032445393,0.0,0.0,0.0,0.0
2023-08-06,-99.41119032445393,0.0,0.0,-99.41119032445393,0.0,0.0,0.0,0.0
2023-08-07,-99.41119032445393,0.0,0.0,-99.41119032445393,0.0,0.0,0.0,0.0
2023-08-08,-99.41119032445393,0.0,0.0,-99.41119032445393,0.0,0.0,0.0,0.0
2023-08-09,-99.41119032445393,0.0,0.0,-99.41119032445393,0.0,0.0,0.0,0.0
2023-08-10,-99.41119032445393,0.0,0.0,-99.41119032445393,0.0,0.0,0.0,0.0
2023-08-11,-99.41119032445393,0.0,0.0,-99.41119032445393,0.0,0.0,0.0,0.0
2023-08-12,-99.41119032445393,0.0,0.0,-99.41119032445393,0.0,0.0,0.0,0.0
2023-08-13,-99.41119032445393,0.0,0.0,-99.41119032445393,0.0,0.0,0.0,0.0
2023-08-14,-99.41119032445393,0.0,0.0,-99.41119032445393,0.0,0.0,0.0,0.0
2023-08-15,-99.41119032445393,0.0,0.0,-99.41119032445393,0.0,0.0,0.0,0.0
2023-08-16,-99.41119032445393,0.0,0.0,-99.41119032445393,0.0,0.0,0.0,0.0
2023-08-17,-99.41119032445393,0.0,0.0,-99.41119032445393,0.0,0.0,0.0,0.0
2023-08-18,-99.41119032445393,0.0,0.0,-99.41119032445393,0.0,0.0,0.0,0.0
2023-08-19,-99.41119032445393,0.0,0.0,-99.41119032445393,0.0,0.0,0.0,0.0
2023-08-20,-99.41119032445393,0.0,0.0,-99.41119032445393,0.0,0.0,0.0,0.0
2023-08-21,-99.41119032445393,0.0,0.0,-99.41119032445393,0.0,0.0,0.0,0.0
2023-08-22,-99.41119032445393,0.0,0.0,-99.41119032445393,0.0,0.0,0.0,0.0
2023-08-23,-99.41119032445393,0.0,0.0,-99.41119032445393,0.0,0.0,0.0,0.0
2023-08-24,-99.41119032445393,0.0,0.0,-99.41119032445393,0.0,0.0,0.0,0.0
2023-08-25,-99.41119032445393,0.0,0.0,-99.41119032445393,0.0,0.0,0.0,0.0
2023-08-26,-99.41119032445393,0.0,0.0,-99.41119032445393,0.0,0.0,0.0,0.0
2023-08-27,-99.41119032445393,0.0,0.0,-99.41119032445393,0.0,0.0,0.0,0.0
2023-08-28,-99.41119032445393,0.0,0.0,-99.41119032445393,0.0,0.0,0.0,0.0
2023-08-29,-99.41119032445393,0.0,0.0,-99.41119032445393,0.0,0.0,0.0,0.0
2023-08-30,-99.41119032445393,0.0,0.0,-99.41119032445393,0.0,0.0,0.0,0.0
2023-08-31,-99.41119032445393,0.0,0.0,-99.41119032445393,0.0,0.0,0.0,0.0
2023-09-01,-99.41119032445393,0.0,0.0,-99.41119032445393,0.0,0.0,0.0,0.0
2023-09-02,-99.41119032445393,0.0,0.0,-99.41119032445393,0.0,0.0,0.0,0.0
2023-09-03,-99.41119032445393,0.0,0.0,-99.41119032445393,0.0,0.0,0.0,0.0
2023-09-04,-99.41119032445393,0.0,0.0,-99.41119032445393,0.0,0.0,0.0,0.0
2023-09-05,-99.41119032445393,0.0,0.0,-99.41119032445393,0.0,0.0,0.0,0.0
2023-09-06,-99.41119032445393,0.0,0.0,-99.41119032445393,0.0,0.0,0.0,0.0
2023-09-07,-99.41119032445393,0.0,0.0,-99.41119032445393,0.0,0.0,0.0,0.0
2023-09-08,-99.41119032445393,0.0,0.0,-99.41119032445393,0.0,0.0,0.0,0.0
2023-09-09,-99.41119032445393,0.0,0.0,-99.41119032445393,0.0,0.0,0.0,0.0
2023-09-10,-99.41119032445393,0.0,0.0,-99.41119032445393,0.0,0.0,0.0,0.0
2023-09-11,-99.41119032445393,0.0,0.0,-99.41119032445393,0.0,0.0,0.0,0.0
2023-09-12,-99.41119032445393,0.0,0.0,-99.41119032445393,0.0,0.0,0.0,0.0
2023-09-13,-99.41119032445393,0.0,0.0,-99.41119032445393,0.0,0.0,0.0,0.0
2023-09-14,-99.41119032445393,0.0,0.0,-99.41119032445393,0.0,0.0,0.0,0.0
2023-09-15,-99.41119032445393,0.0,0.0,-99.41119032445393,0.0,0.0,0.0,0.0
2023-09-16,-99.41119032445393,0.0,0.0,-99.41119032445393,0.0,0.0,0.0,0.0
2023-09-17,-99.41119032445393,0.0,0.0,-99.41119032445393,0.0,0.0,0.0,0.0
2023-09-18,-99.41119032445393,0.0,0.0,-99.41119032445393,0.0,0.0,0.0,0.0
2023-09-19,-99.41119032445393,0.0,0.0,-99.41119032445393,0.0,0.0,0.0,0.0
2023-09-20,-99.41119032445393,0.0,0.0,-99.41119032445393,0.0,0.0,0.0,0.0
2023-09-21,-99.41119032445393,0.0,0.0,-99.41119032445393,0.0,0.0,0.0,0.0
2023-09-22,-99.41119032445393,0.0,0.0,-99.41119032445393,0.0,0.0,0.0,0.0
2023-09-23,-99.41119032445393,0.0,0.0,-99.41119032445393,0.0,0.0,0.0,0.0
2023-09-24,-99.41119032445393,0.0,0.0,-99.41119032445393,0.0,0.0,0.0,0.0
2023-09-25,-99.41119032445393,0.0,0.0,-99.41119032445393,0.0,0.0,0.0,0.0
2023-09-26,-99.41119032445393,0.0,0.0,-99.41119032445393,0.0,0.0,0.0,0.0
2023-09-27,-99.41119032445393,0.0,0.0,-99.41119032445393,0.0,0.0,0.0,0.0
2023-09-28,-99.41119032445393,0.0,0.0,-99.41119032445393,0.0,0.0,0.0,0.0
2023-09-29,-99.41119032445393,0.0,0.0,-99.41119032445393,0.0,0.0,0.0,0.0
2023-09-30,-103.0137903244538,-3.6025999999998675,0.5997181324777354,-1103.0137903244538,0.0,0.0,0.0,0.0
2023-10-01,-104.55335994873064,-1.5395696242768508,0.5997181324777354,-2106.616390324454,0.0,46.79457182966776,0.0,0.0
2023-10-02,42.950140158288036,147.50350010701868,0.5997181324777354,-4113.8215903244545,0.035723765270570015,46.79457182966776,0.0,3760.81233546446
2023-10-03,-70.22972564595011,-113.17986580423815,0.5997181324777354,-5117.424190324455,0.035723765270570015,46.79457182966776,4.659832246039143,3760.81233546446
2023-10-04,-63.18869247632722,7.041033169622892,0.5997181324777354,-5117.424190324455,0.035723765270570015,46.79457182966776,4.659832246039143,3760.81233546446
2023-10-05,-90.72151620382431,-27.53282372749709,0.5997181324777354,-4126.5932730830755,0.035723765270570015,46.79457182966776,0.0,3760.81233546446
2023-10-06,-143.44841344899191,-52.726897245167606,0.0,-3163.4509020050823,0.035723765270570015,46.79457182966776,0.0,3760.81233546446
2023-10-07,-75.07532859749847,68.37308485149345,0.0,-3163.4509020050823,0.035723765270570015,46.79457182966776,0.0,3760.81233546446
2023-10-08,-101.49771036238133,-26.422381764882857,0.0,-3163.4509020050823,0.035723765270570015,46.79457182966776,0.0,3760.81233546446
2023-10-09,-115.68260129388955,-14.184890931508221,0.0,-3163.4509020050823,0.035723765270570015,46.79457182966776,0.0,3760.81233546446
2023-10-10,-205.695915783102,-90.01331448921246,0.0,-1191.3188864499612,0.035723765270570015,0.0,0.0,0.0
2023-10-11,-212.84066883721596,-7.144753054113949,0.0,-1191.3188864499612,0.035723765270570015,0.0,0.0,0.0
2023-10-12,-234.6779633638707,-21.837294526654745,0.0,-234.6779633638707,0.0,0.0,0.0,0.0
2023-10-13,-234.6779633638707,0.0,0.0,-234.6779633638707,0.0,0.0,0.0,0.0
2023-10-14,-234.6779633638707,0.0,0.0,-234.6779633638707,0.0,0.0,0.0,0.0
2023-10-15,-234.6779633638707,0.0,0.0,-234.6779633638707,0.0,0.0,0.0,0.0
2023-10-16,-234.6779633638707,0.0,0.0,-234.6779633638707,0.0,0.0,0.0,0.0
2023-10-17,-238.28056336387056,-3.6025999999998533,0.0,-1238.2805633638707,0.03508675902905114,0.0,0.0,0.0
2023-10-18,-241.96011178324716,-3.6795484193766015,0.0,-1238.2805633638707,0.03508675902905114,0.0,0.0,0.0
2023-10-19,-244.62354766114242,-2.6634358778952674,0.0,-1238.2805633638707,0.03508675902905114,0.0,0.0,0.0
2023-10-20,-234.41213976381505,10.211407897327376,0.0,-2241.883163363871,0.03508675902905114,40.11231448054553,0.0,0.0
2023-10-21,-116.65684585144595,117.7552939123691,0.0,-2241.883163363871,0.03508675902905114,40.11231448054553,0.0,0.0
2023-10-22,-16.352157587162537,100.30468826428341,0.0,-2241.883163363871,0.03508675902905114,40.11231448054553,0.0,0.0
2023-10-23,-24.282210995568448,-7.930053408405911,0.0,-2241.883163363871,0.03508675902905114,40.11231448054553,0.0,0.0
2023-10-24,186.40839249905036,210.6906034946188,0.5664246145480498,-5252.690963363872,0.03508675902905114,40.11231448054553,4.3763676148796495,3562.522265764161
2023-10-25,139.00702957998033,-47.40136291907004,0.5664246145480498,-5252.690963363872,0.03508675902905114,40.11231448054553,4.3763676148796495,3562.522265764161
2023-10-26,243.5403615700186,104.53333199003828,0.5664246145480498,-5252.690963363872,0.03508675902905114,40.11231448054553,4.3763676148796495,3562.522265764161
2023-10-27,281.5011147779579,37.96075320793932,0.5664246145480498,-5252.690963363872,0.03508675902905114,40.11231448054553,4.3763676148796495,3562.522265764161
2023-10-28,228.51154695852063,-52.9895678194373,0.5664246145480498,-5252.690963363872,0.03508675902905114,40.11231448054553,4.3763676148796495,3562.522265764161
2023-10-29,242.02067627425288,13.509129315732253,0.5664246145480498,-5252.690963363872,0.03508675902905114,40.11231448054553,4.3763676148796495,3562.522265764161
2023-10-30,338.6515489316529,96.6308726574,0.5664246145480498,-5252.690963363872,0.03508675902905114,40.11231448054553,4.3763676148796495,3562.522265764161
2023-10-31,460.7369483356707,122.08539940401783,0.5664246145480498,-5252.690963363872,0.03508675902905114,40.11231448054553,4.3763676148796495,3562.522265764161
2023-11-01,564.6463091374163,103.9093608017456,0.5664246145480498,-5252.690963363872,0.03508675902905114,40.11231448054553,4.3763676148796495,3562.522265764161
2023-11-02,778.3593224563283,213.71301331891198,0.5664246145480498,-5252.690963363872,0.03508675902905114,40.11231448054553,4.3763676148796495,3562.522265764161
2023-11-03,772.6063842209206,-5.752938235407669,0.5664246145480498,-5252.690963363872,0.03508675902905114,40.11231448054553,4.3763676148796495,3562.522265764161
2023-11-04,766.1533471814452,-6.4530370394754755,0.5664246145480498,-5252.690963363872,0.03508675902905114,40.11231448054553,4.3763676148796495,3562.522265764161
2023-11-05,935.141784389732,168.98843720828688,0.5664246145480498,-5252.690963363872,0.03508675902905114,40.11231448054553,4.3763676148796495,3562.522265764161
2023-11-06,983.7553425067247,48.613558116992635,0.5664246145480498,-5252.690963363872,0.03508675902905114,40.11231448054553,4.3763676148796495,3562.522265764161
2023-11-07,1152.3122485702127,168.556906063488,0.5664246145480498,-5252.690963363872,0.03508675902905114,40.11231448054553,4.3763676148796495,3562.522265764161
2023-11-08,1107.853950155158,-44.45829841505474,0.5664246145480498,-5252.690963363872,0.03508675902905114,40.11231448054553,4.3763676148796495,3562.522265764161
2023-11-09,1150.7508745745895,42.89692441943157,0.5664246145480498,-5252.690963363872,0.03508675902905114,40.11231448054553,4.3763676148796495,3562.522265764161
2023-11-10,1466.81321833786,316.0623437632705,0.5664246145480498,-5252.690963363872,0.03508675902905114,40.11231448054553,4.3763676148796495,3562.522265764161
2023-11-11,1979.3845652814246,512.5713469435645,0.5664246145480498,-5252.690963363872,0.03508675902905114,40.11231448054553,4.3763676148796495,3562.522265764161
2023-11-12,1943.064237172327,-36.320328109097545,0.5664246145480498,-5252.690963363872,0.03508675902905114,40.11231448054553,4.3763676148796495,3562.522265764161
2023-11-13,1912.0317590219668,-31.032478150360248,0.5664246145480498,-5252.690963363872,0.03508675902905114,40.11231448054553,4.3763676148796495,3562.522265764161
2023-11-14,1585.958588274176,-326.07317074779075,0.5664246145480498,-5252.690963363872,0.03508675902905114,40.11231448054553,4.3763676148796495,3562.522265764161
2023-11-15,1717.1727162023415,131.21412792816545,0.5664246145480498,-1682.7830872277148,0.0,40.11231448054553,0.0,0.0
2023-11-16,2104.1367897892487,386.96407358690726,0.5664246145480498,-2686.3856872277147,0.026414356731170527,40.11231448054553,0.0,0.0
2023-11-17,1694.9341596209972,-409.2026301682515,0.5664246145480498,-3689.988287227715,0.026414356731170527,40.11231448054553,0.0,2698.3270372369134
2023-11-18,1721.3334688450605,26.399309224063245,0.0,-2583.327050987868,0.026414356731170527,40.11231448054553,0.0,2698.3270372369134
2023-11-19,1749.381881819759,28.048412974698522,0.0,-2583.327050987868,0.026414356731170527,40.11231448054553,0.0,2698.3270372369134
2023-11-20,1890.5296155390272,141.14773371926822,0.0,-2583.327050987868,0.026414356731170527,40.11231448054553,0.0,2698.3270372369134
2023-11-21,1697.8530182086383,-192.67659733038886,0.0,-3586.929650987868,0.026414356731170527,40.11231448054553,3.951007506914263,2698.3270372369134
2023-11-22,1271.4814909905863,-426.37152721805205,0.0,-634.834623748738,0.026414356731170527,0.0,0.0,2698.3270372369134
2023-11-23,1379.9960514008233,108.51456041023698,0.0,-634.834623748738,0.026414356731170527,0.0,0.0,2698.3270372369134
2023-11-24,1395.331853725277,15.335802324453653,0.0,-634.834623748738,0.026414356731170527,0.0,0.0,2698.3270372369134
2023-11-25,1403.4389696181288,8.10711589285188,0.0,-634.834623748738,0.026414356731170527,0.0,0.0,2698.3270372369134
2023-11-26,1426.5281565489618,23.089186930832966,0.0,-634.834623748738,0.026414356731170527,0.0,0.0,2698.3270372369134
2023-11-27,1399.3772124586558,-27.150944090305984,0.0,-634.834623748738,0.026414356731170527,0.0,0.0,2698.3270372369134
2023-11-28,1368.0654616476086,-31.311750811047204,0.0,-634.834623748738,0.026414356731170527,0.0,0.0,2698.3270372369134
2023-11-29,1405.1410705670264,37.075608919417846,0.0,-634.834623748738,0.026414356731170527,0.0,0.0,2698.3270372369134
2023-11-30,1394.7529385509051,-10.38813201612129,0.0,-634.834623748738,0.026414356731170527,0.0,0.0,2698.3270372369134
2023-12-01,1375.9206463010255,-18.83229224987963,0.0,-634.834623748738,0.026414356731170527,0.0,0.0,2698.3270372369134
2023-12-02,1424.17617190577,48.255525604744435,0.0,-634.834623748738,0.026414356731170527,0.0,0.0,2698.3270372369134
2023-12-03,1476.473224326192,52.297052420422006,0.46194924101739704,-1638.437223748738,0.026414356731170527,0.0,0.0,2698.3270372369134
2023-12-04,1496.0052463363184,19.53202201012641,0.46194924101739704,-1638.437223748738,0.026414356731170527,0.0,0.0,2698.3270372369134
2023-12-05,1604.733178754691,108.72793241837257,0.46194924101739704,-1638.437223748738,0.026414356731170527,0.0,0.0,2698.3270372369134
2023-12-06,1733.8110457124758,129.07786695778486,0.46194924101739704,-1638.437223748738,0.026414356731170527,0.0,0.0,2698.3270372369134
2023-12-07,1744.0091966386624,10.1981509261866,0.46194924101739704,-1638.437223748738,0.026414356731170527,0.0,0.0,2698.3270372369134
2023-12-08,1818.3079840924734,74.29878745381097,0.46194924101739704,-2642.039823748738,0.026414356731170527,14.762326542663125,0.0,2698.3270372369134
2023-12-09,2192.27369426897,373.9657101764965,0.46194924101739704,-2642.039823748738,0.026414356731170527,14.762326542663125,0.0,2698.3270372369134
2023-12-10,2223.731776062206,31.458081793236033,0.46194924101739704,-2642.039823748738,0.026414356731170527,14.762326542663125,0.0,2698.3270372369134
2023-12-11,2311.53699954904,87.80522348683417,0.46194924101739704,-2642.039823748738,0.026414356731170527,14.762326542663125,0.0,2698.3270372369134
2023-12-12,1990.9390718508384,-320.5979276982016,0.0,-532.0830671776145,0.0,14.762326542663125,0.0,2698.3270372369134
2023-12-13,2041.3248919869066,50.385820136068105,0.0,-532.0830671776145,0.0,14.762326542663125,0.0,2698.3270372369134
2023-12-14,2311.565730620895,270.24083863398846,0.0,-532.0830671776145,0.0,14.762326542663125,0.0,2698.3270372369134
2023-12-15,2320.9635886256374,9.397858004742375,0.0,-532.0830671776145,0.0,14.762326542663125,0.0,2698.3270372369134
2023-12-16,2158.408783587932,-162.5548050377056,0.0,-532.0830671776145,0.0,14.762326542663125,0.0,2698.3270372369134
2023-12-17,2196.238818780107,37.83003519217527,0.0,-532.0830671776145,0.0,14.762326542663125,0.0,2698.3270372369134
2023-12-18,2080.2320273132254,-116.00679146688162,0.0,-532.0830671776145,0.0,14.762326542663125,0.0,2698.3270372369134
2023-12-19,2191.1919832477206,110.95995593449516,0.0,-532.0830671776145,0.0,14.762326542663125,0.0,2698.3270372369134
2023-12-20,2100.072976588979,-91.11900665874145,0.0,-532.0830671776145,0.0,14.762326542663125,0.0,2698.3270372369134
2023-12-21,2268.319153642158,168.24617705317905,0.0,-1535.6856671776143,0.0,14.762326542663125,3.8417210910487896,2698.3270372369134
2023-12-22,2608.6508658094326,340.3317121672744,0.0,-1535.6856671776143,0.0,14.762326542663125,3.8417210910487896,2698.3270372369134
2023-12-23,2631.015102516135,22.364236706702286,0.0,-1535.6856671776143,0.0,14.762326542663125,3.8417210910487896,2698.3270372369134
2023-12-24,2752.0550097453333,121.03990722919843,0.0,-1535.6856671776143,0.0,14.762326542663125,3.8417210910487896,2698.3270372369134
2023-12-25,2737.612954467788,-14.442055277545478,0.0,-1535.6856671776143,0.0,14.762326542663125,3.8417210910487896,2698.3270372369134
2023-12-26,2958.8783309399873,221.26537647219948,0.0,-1535.6856671776143,0.0,14.762326542663125,3.8417210910487896,2698.3270372369134
2023-12-27,2905.171854400992,-53.7064765389955,0.0,100.87737281159256,0.0,14.762326542663125,3.8417210910487896,0.0
2023-12-28,2924.2195090966197,19.047654695627898,0.0,100.87737281159256,0.0,14.762326542663125,3.8417210910487896,0.0
2023-12-29,2839.418838827038,-84.80067026958159,0.4265938613143357,-902.7252271884075,0.0,14.762326542663125,3.8417210910487896,0.0
2023-12-30,2850.5634940420623,11.144655215024159,0.4265938613143357,-902.7252271884075,0.0,14.762326542663125,3.8417210910487896,0.0
2023-12-31,2797.382225577373,-53.18126846468931,0.4265938613143357,-902.7252271884075,0.0,14.762326542663125,3.8417210910487896,0.0
2024-01-01,2770.1789992376416,-27.203226339731373,0.4265938613143357,-902.7252271884075,0.0,14.762326542663125,3.8417210910487896,0.0
2024-01-02,2927.547470725262,157.36847148762035,0.4265938613143357,-902.7252271884075,0.0,14.762326542663125,3.8417210910487896,0.0
2024-01-03,2873.4141946435675,-54.133276081694476,0.4265938613143357,-1906.3278271884076,0.022248470473276136,14.762326542663125,3.8417210910487896,0.0
2024-01-04,2640.7492137189606,-232.66498092460688,0.0,2640.7492137189606,0.0,0.0,0.0,0.0
2024-01-05,2640.7492137189606,0.0,0.0,2640.7492137189606,0.0,0.0,0.0,0.0
2024-01-06,2640.7492137189606,0.0,0.0,2640.7492137189606,0.0,0.0,0.0,0.0
2024-01-07,2640.7492137189606,0.0,0.0,2640.7492137189606,0.0,0.0,0.0,0.0
2024-01-08,2640.7492137189606,0.0,0.0,2640.7492137189606,0.0,0.0,0.0,0.0
2024-01-09,2637.146613718961,-3.602599999999711,0.0,1637.1466137189607,0.021298782731969303,0.0,0.0,0.0
2024-01-10,2619.2334854900655,-17.913128228895403,0.0,1637.1466137189607,0.021298782731969303,0.0,0.0,0.0
2024-01-11,2627.217210308429,7.983724818363498,0.38694000108343196,633.5440137189607,0.021298782731969303,0.0,0.0,0.0
2024-01-12,2633.5245067773594,6.307296468930417,0.38694000108343196,633.5440137189607,0.021298782731969303,0.0,0.0,0.0
2024-01-13,2517.557691919229,-115.96681485813042,0.38694000108343196,1541.4860615862285,0.0,0.0,0.0,0.0
2024-01-14,2539.090902979522,21.53321106029307,0.38694000108343196,1541.4860615862285,0.0,0.0,0.0,0.0
2024-01-15,2498.338382065415,-40.75252091410721,0.38694000108343196,1541.4860615862285,0.0,0.0,0.0,0.0
2024-01-16,2513.3942175075713,15.055835442156422,0.38694000108343196,1541.4860615862285,0.0,0.0,0.0,0.0
2024-01-17,2542.6546203895005,29.260402881929167,0.38694000108343196,1541.4860615862285,0.0,0.0,0.0,0.0
2024-01-18,2520.517782927517,-22.136837461983305,0.38694000108343196,1541.4860615862285,0.0,0.0,0.0,0.0
2024-01-19,2494.1019726000886,-26.415810327428517,0.0,2494.1019726000886,0.0,0.0,0.0,0.0
2024-01-20,2494.1019726000886,0.0,0.0,2494.1019726000886,0.0,0.0,0.0,0.0
2024-01-21,2494.1019726000886,0.0,0.0,2494.1019726000886,0.0,0.0,0.0,0.0
2024-01-22,2494.1019726000886,0.0,0.0,2494.1019726000886,0.0,0.0,0.0,0.0
2024-01-23,2494.1019726000886,0.0,0.0,2494.1019726000886,0.0,0.0,0.0,0.0
2024-01-24,2494.1019726000886,0.0,0.0,2494.1019726000886,0.0,0.0,0.0,0.0
2024-01-25,2494.1019726000886,0.0,0.0,2494.1019726000886,0.0,0.0,0.0,0.0
2024-01-26,2494.1019726000886,0.0,0.0,2494.1019726000886,0.0,0.0,0.0,0.0
2024-01-27,2494.1019726000886,0.0,0.0,2494.1019726000886,0.0,0.0,0.0,0.0
2024-01-28,2494.1019726000886,0.0,0.0,2494.1019726000886,0.0,0.0,0.0,0.0
2024-01-29,2494.1019726000886,0.0,0.0,2494.1019726000886,0.0,0.0,0.0,0.0
2024-01-30,2494.1019726000886,0.0,0.0,2494.1019726000886,0.0,0.0,0.0,0.0
2024-01-31,2494.1019726000886,0.0,0.0,2494.1019726000886,0.0,0.0,0.0,0.0
2024-02-01,2494.1019726000886,0.0,0.0,2494.1019726000886,0.0,0.0,0.0,0.0
2024-02-02,2494.1019726000886,0.0,0.0,2494.1019726000886,0.0,0.0,0.0,0.0
2024-02-03,2494.1019726000886,0.0,0.0,2494.1019726000886,0.0,0.0,0.0,0.0
2024-02-04,2494.1019726000886,0.0,0.0,2494.1019726000886,0.0,0.0,0.0,0.0
2024-02-05,2494.1019726000886,0.0,0.0,2494.1019726000886,0.0,0.0,0.0,0.0
2024-02-06,2494.1019726000886,0.0,0.0,2494.1019726000886,0.0,0.0,0.0,0.0
2024-02-07,2494.1019726000886,0.0,0.0,2494.1019726000886,0.0,0.0,0.0,0.0
2024-02-08,2494.1019726000886,0.0,0.0,2494.1019726000886,0.0,0.0,0.0,0.0
2024-02-09,2494.1019726000886,0.0,0.0,2494.1019726000886,0.0,0.0,0.0,0.0
2024-02-10,2483.2941726000886,-10.807800000000043,0.0,-516.7058273999113,0.021216660934632106,9.35103796521414,3.0864197530864197,0.0
2024-02-11,2509.0804872240974,25.78631462400881,0.0,-1520.3084273999114,0.021216660934632106,9.35103796521414,3.0864197530864197,1813.2366273798732
2024-02-12,2480.8197481963994,-28.260739027698037,0.0,-1520.3084273999114,0.021216660934632106,9.35103796521414,3.0864197530864197,1813.2366273798732
2024-02-13,2604.806960501632,123.98721230523279,0.37594126293707875,-2523.9110273999113,0.021216660934632106,9.35103796521414,3.0864197530864197,1813.2366273798732
2024-02-14,2565.0273793753195,-39.77958112631268,0.37594126293707875,-2523.9110273999113,0.021216660934632106,9.35103796521414,3.0864197530864197,1813.2366273798732
2024-02-15,2788.396461371517,223.36908199619756,0.37594126293707875,-2523.9110273999113,0.021216660934632106,9.35103796521414,3.0864197530864197,1813.2366273798732
2024-02-16,2896.2072119235154,107.81075055199835,0.37594126293707875,-2523.9110273999113,0.021216660934632106,9.35103796521414,3.0864197530864197,1813.2366273798732
2024-02-17,2864.7499143506766,-31.457297572838797,0.37594126293707875,-2523.9110273999113,0.021216660934632106,9.35103796521414,3.0864197530864197,1813.2366273798732
2024-02-18,2832.181031989746,-32.56888236093073,0.37594126293707875,-2523.9110273999113,0.021216660934632106,9.35103796521414,3.0864197530864197,1813.2366273798732
2024-02-19,2917.5657798677603,85.38474787801442,0.37594126293707875,-2523.9110273999113,0.021216660934632106,9.35103796521414,3.0864197530864197,1813.2366273798732
2024-02-20,2953.5438090860653,35.97802921830498,0.37594126293707875,-2523.9110273999113,0.021216660934632106,9.35103796521414,3.0864197530864197,1813.2366273798732
2024-02-21,2948.957884324664,-4.585924761401202,0.37594126293707875,-1514.743591398415,0.021216660934632106,0.0,3.0864197530864197,1813.2366273798732
2024-02-22,2953.2624778616237,4.304593536959601,0.37594126293707875,-418.6300592547705,0.0,0.0,3.0864197530864197,1813.2366273798732
2024-02-23,2941.5000232864595,-11.762454575164156,0.37594126293707875,-418.6300592547705,0.0,0.0,3.0864197530864197,1813.2366273798732
2024-02-24,2891.141207253468,-50.3588160329914,0.37594126293707875,633.5999937642687,0.0,0.0,3.0864197530864197,0.0
2024-02-25,2936.7357558081158,45.594548554647645,0.37594126293707875,633.5999937642687,0.0,0.0,3.0864197530864197,0.0
2024-02-26,3002.825083443665,66.08932763554913,0.37594126293707875,633.5999937642687,0.0,0.0,3.0864197530864197,0.0
2024-02-27,3063.4704612161604,60.64537777249552,0.37594126293707875,-370.00260623573143,0.018356549167007335,0.0,3.0864197530864197,0.0
2024-02-28,3113.844277694151,50.37381647799066,0.37594126293707875,-370.00260623573143,0.018356549167007335,0.0,3.0864197530864197,0.0
2024-02-29,3320.306623285848,206.46234559169716,0.37594126293707875,-2377.2078062357314,0.018356549167007335,8.401243384020836,3.0864197530864197,1590.5837442341337
2024-03-01,3330.5631819216596,10.256558635811416,0.37594126293707875,-2377.2078062357314,0.018356549167007335,8.401243384020836,3.0864197530864197,1590.5837442341337
2024-03-02,3547.992100524343,217.42891860268355,0.37594126293707875,-2377.2078062357314,0.018356549167007335,8.401243384020836,3.0864197530864197,1590.5837442341337
2024-03-03,3587.0266298838724,39.03452935952919,0.37594126293707875,-2377.2078062357314,0.018356549167007335,8.401243384020836,3.0864197530864197,1590.5837442341337
2024-03-04,3623.171317425366,36.14468754149357,0.37594126293707875,-2377.2078062357314,0.018356549167007335,8.401243384020836,3.0864197530864197,1590.5837442341337
2024-03-05,3875.2728727637314,252.10155533836542,0.37594126293707875,-2377.2078062357314,0.018356549167007335,8.401243384020836,3.0864197530864197,1590.5837442341337
2024-03-06,3486.663503232685,-388.60936953104647,0.37594126293707875,980.9469115124681,0.018356549167007335,0.0,0.0,0.0
2024-03-07,3625.801222674177,139.1377194414922,0.37594126293707875,-22.655688487531794,0.018356549167007335,0.0,2.328830926874709,0.0
2024-03-08,3760.074195407947,134.27297273377008,0.37594126293707875,-1026.258288487532,0.018356549167007335,6.953135864274788,2.328830926874709,0.0
2024-03-09,3822.2726236134317,62.19842820548456,0.37594126293707875,-1026.258288487532,0.018356549167007335,6.953135864274788,2.328830926874709,0.0
2024-03-10,3836.3033059101544,14.030682296722716,0.37594126293707875,-1026.258288487532,0.018356549167007335,6.953135864274788,2.328830926874709,0.0
2024-03-11,3933.2925878169676,96.98928190681318,0.37594126293707875,-1026.258288487532,0.018356549167007335,6.953135864274788,2.328830926874709,0.0
2024-03-12,4077.7867290490667,144.49414123209908,0.37594126293707875,-1026.258288487532,0.018356549167007335,6.953135864274788,2.328830926874709,0.0
2024-03-13,4083.603030491887,5.816301442820077,0.37594126293707875,-1026.258288487532,0.018356549167007335,6.953135864274788,2.328830926874709,0.0
2024-03-14,4428.611676376112,345.0086458842252,0.37594126293707875,-1026.258288487532,0.018356549167007335,6.953135864274788,2.328830926874709,0.0
2024-03-15,4372.907164460829,-55.70451191528264,0.37594126293707875,-2029.8608884875318,0.018356549167007335,6.953135864274788,2.328830926874709,1331.7352510320948
2024-03-16,4360.80977362912,-12.097390831709163,0.0,1608.3291039621442,0.0,6.953135864274788,2.328830926874709,0.0
2024-03-17,4216.485634303952,-144.3241393251683,0.0,1608.3291039621442,0.0,6.953135864274788,2.328830926874709,0.0
2024-03-18,4343.281750418924,126.79611611497239,0.0,1608.3291039621442,0.0,6.953135864274788,2.328830926874709,0.0
2024-03-19,4264.020179277074,-79.26157114185025,0.0,1608.3291039621442,0.0,6.953135864274788,2.328830926874709,0.0
2024-03-20,3967.2047212493108,-296.81545802776327,0.0,2786.423188778166,0.0,6.953135864274788,0.0,0.0
2024-03-21,4119.826053470142,152.6213322208314,0.0,2786.423188778166,0.0,6.953135864274788,0.0,0.0
2024-03-22,4034.2329509809197,-85.59310248922247,0.0,2786.423188778166,0.0,6.953135864274788,0.0,0.0
2024-03-23,4004.6821235577518,-29.550827423167902,0.0,2786.423188778166,0.0,6.953135864274788,0.0,0.0
2024-03-24,3986.882095745208,-17.800027812543703,0.0,2786.423188778166,0.0,6.953135864274788,0.0,0.0
2024-03-25,4064.9658115010143,78.08371575580622,0.0,2786.423188778166,0.0,6.953135864274788,0.0,0.0
2024-03-26,4100.496335767459,35.530524266444445,0.0,2786.423188778166,0.0,6.953135864274788,0.0,0.0
2024-03-27,4110.717445487942,10.221109720483582,0.0,2786.423188778166,0.0,6.953135864274788,0.0,0.0
2024-03-28,4082.000994368487,-28.716451119455087,0.0,2786.423188778166,0.0,6.953135864274788,0.0,0.0
2024-03-29,4104.946342720594,22.94534835210652,0.0,2786.423188778166,0.0,6.953135864274788,0.0,0.0
2024-03-30,4121.494806077568,16.548463356974025,0.0,2786.423188778166,0.0,6.953135864274788,0.0,0.0
2024-03-31,4136.72217362033,15.227367542762295,0.0,2786.423188778166,0.0,6.953135864274788,0.0,0.0
2024-04-01,4194.085544500597,57.36337088026721,0.0,2786.423188778166,0.0,6.953135864274788,0.0,0.0
2024-04-02,4123.094027326351,-70.99151717424593,0.0,2786.423188778166,0.0,6.953135864274788,0.0,0.0
2024-04-03,4044.0852940347368,-79.00873329161459,0.0,4044.0852940347368,0.0,0.0,0.0,0.0
2024-04-04,4044.0852940347368,0.0,0.0,4044.0852940347368,0.0,0.0,0.0,0.0
2024-04-05,4044.0852940347368,0.0,0.0,4044.0852940347368,0.0,0.0,0.0,0.0
2024-04-06,4044.0852940347368,0.0,0.0,4044.0852940347368,0.0,0.0,0.0,0.0
2024-04-07,4044.0852940347368,0.0,0.0,4044.0852940347368,0.0,0.0,0.0,0.0
2024-04-08,4044.0852940347368,0.0,0.0,4044.0852940347368,0.0,0.0,0.0,0.0
2024-04-09,4044.0852940347368,0.0,0.0,4044.0852940347368,0.0,0.0,0.0,0.0
2024-04-10,4044.0852940347368,0.0,0.0,4044.0852940347368,0.0,0.0,0.0,0.0
2024-04-11,4044.0852940347368,0.0,0.0,4044.0852940347368,0.0,0.0,0.0,0.0
2024-04-12,4044.0852940347368,0.0,0.0,4044.0852940347368,0.0,0.0,0.0,0.0
2024-04-13,4044.0852940347368,0.0,0.0,4044.0852940347368,0.0,0.0,0.0,0.0
2024-04-14,4044.0852940347368,0.0,0.0,4044.0852940347368,0.0,0.0,0.0,0.0
2024-04-15,4044.0852940347368,0.0,0.0,4044.0852940347368,0.0,0.0,0.0,0.0
2024-04-16,4044.0852940347368,0.0,0.0,4044.0852940347368,0.0,0.0,0.0,0.0
2024-04-17,4044.0852940347368,0.0,0.0,4044.0852940347368,0.0,0.0,0.0,0.0
2024-04-18,4044.0852940347368,0.0,0.0,4044.0852940347368,0.0,0.0,0.0,0.0
2024-04-19,4044.0852940347368,0.0,0.0,4044.0852940347368,0.0,0.0,0.0,0.0
2024-04-20,4044.0852940347368,0.0,0.0,4044.0852940347368,0.0,0.0,0.0,0.0
2024-04-21,4044.0852940347368,0.0,0.0,4044.0852940347368,0.0,0.0,0.0,0.0
2024-04-22,4044.0852940347368,0.0,0.0,4044.0852940347368,0.0,0.0,0.0,0.0
2024-04-23,4044.0852940347368,0.0,0.0,4044.0852940347368,0.0,0.0,0.0,0.0
2024-04-24,4044.0852940347368,0.0,0.0,4044.0852940347368,0.0,0.0,0.0,0.0
2024-04-25,4044.0852940347368,0.0,0.0,4044.0852940347368,0.0,0.0,0.0,0.0
2024-04-26,4044.0852940347368,0.0,0.0,4044.0852940347368,0.0,0.0,0.0,0.0
2024-04-27,4044.0852940347368,0.0,0.0,4044.0852940347368,0.0,0.0,0.0,0.0
2024-04-28,4044.0852940347368,0.0,0.0,4044.0852940347368,0.0,0.0,0.0,0.0
2024-04-29,4044.0852940347368,0.0,0.0,4044.0852940347368,0.0,0.0,0.0,0.0
2024-04-30,4044.0852940347368,0.0,0.0,4044.0852940347368,0.0,0.0,0.0,0.0
2024-05-01,4044.0852940347368,0.0,0.0,4044.0852940347368,0.0,0.0,0.0,0.0
2024-05-02,4044.0852940347368,0.0,0.0,4044.0852940347368,0.0,0.0,0.0,0.0
2024-05-03,4044.0852940347368,0.0,0.0,4044.0852940347368,0.0,0.0,0.0,0.0
2024-05-04,4044.0852940347368,0.0,0.0,4044.0852940347368,0.0,0.0,0.0,0.0
2024-05-05,4044.0852940347368,0.0,0.0,4044.0852940347368,0.0,0.0,0.0,0.0
2024-05-06,4044.0852940347368,0.0,0.0,4044.0852940347368,0.0,0.0,0.0,0.0
2024-05-07,4044.0852940347368,0.0,0.0,4044.0852940347368,0.0,0.0,0.0,0.0
2024-05-08,4044.0852940347368,0.0,0.0,4044.0852940347368,0.0,0.0,0.0,0.0
2024-05-09,4044.0852940347368,0.0,0.0,4044.0852940347368,0.0,0.0,0.0,0.0
2024-05-10,4044.0852940347368,0.0,0.0,4044.0852940347368,0.0,0.0,0.0,0.0
2024-05-11,4044.0852940347368,0.0,0.0,4044.0852940347368,0.0,0.0,0.0,0.0
2024-05-12,4044.0852940347368,0.0,0.0,4044.0852940347368,0.0,0.0,0.0,0.0
2024-05-13,4044.0852940347368,0.0,0.0,4044.0852940347368,0.0,0.0,0.0,0.0
2024-05-14,4044.0852940347368,0.0,0.0,4044.0852940347368,0.0,0.0,0.0,0.0
2024-05-15,4044.0852940347368,0.0,0.0,4044.0852940347368,0.0,0.0,0.0,0.0
2024-05-16,4044.0852940347368,0.0,0.0,4044.0852940347368,0.0,0.0,0.0,0.0
2024-05-17,4040.4826940347366,-3.602600000000166,0.0,3040.4826940347366,0.0,6.2747066574637635,0.0,0.0
2024-05-18,4100.066390075397,59.58369604066047,0.0,2036.8800940347367,0.014920028646455,6.2747066574637635,0.0,0.0
2024-05-19,4117.016222664755,16.949832589358266,0.0,2036.8800940347367,0.014920028646455,6.2747066574637635,0.0,0.0
2024-05-20,4091.951124052999,-25.065098611756184,0.0,2036.8800940347367,0.014920028646455,6.2747066574637635,0.0,0.0
2024-05-21,4270.750844075606,178.7997200226073,0.2730912288559116,1033.2774940347367,0.014920028646455,6.2747066574637635,0.0,0.0
2024-05-22,4229.035648235534,-41.71519584007274,0.2730912288559116,29.67489403473672,0.014920028646455,6.2747066574637635,1.6168148746968471,0.0
2024-05-23,4186.711252646645,-42.324395588888365,0.2730912288559116,29.67489403473672,0.014920028646455,6.2747066574637635,1.6168148746968471,0.0
2024-05-24,4151.36420272041,-35.34704992623574,0.2730912288559116,29.67489403473672,0.014920028646455,6.2747066574637635,1.6168148746968471,0.0
2024-05-25,4089.6601209994024,-61.70408172100724,0.2730912288559116,1078.1577704857627,0.014920028646455,0.0,1.6168148746968471,0.0
2024-05-26,4109.834361032655,20.174240033252318,0.2730912288559116,1078.1577704857627,0.014920028646455,0.0,1.6168148746968471,0.0
2024-05-27,4115.6818516609765,5.847490628321793,0.2730912288559116,1078.1577704857627,0.014920028646455,0.0,1.6168148746968471,0.0
2024-05-28,4154.023123258024,38.341271597047125,0.2730912288559116,1078.1577704857627,0.014920028646455,0.0,1.6168148746968471,0.0
2024-05-29,4121.452335432292,-32.57078782573171,0.2730912288559116,1078.1577704857627,0.014920028646455,0.0,1.6168148746968471,0.0
2024-05-30,4079.522524073307,-41.92981135898481,0.2730912288559116,1078.1577704857627,0.014920028646455,0.0,1.6168148746968471,0.0
2024-05-31,4080.2006865246058,0.6781624512987037,0.2730912288559116,2036.863004535884,0.014920028646455,0.0,0.0,0.0
2024-06-01,4068.3851919648123,-11.815494559793478,0.2730912288559116,3040.936792552505,0.0,0.0,0.0,0.0
2024-06-02,4083.003765445469,14.618573480656778,0.2730912288559116,3040.936792552505,0.0,0.0,0.0,0.0
2024-06-03,4073.4701506461097,-9.533614799359384,0.2730912288559116,3040.936792552505,0.0,0.0,0.0,0.0
2024-06-04,4066.0852371264555,-7.384913519654219,0.2730912288559116,2037.3341925525049,0.0,0.0,1.5964240102171137,0.0
2024-06-05,4172.54252928204,106.45729215558458,0.2730912288559116,2037.3341925525049,0.0,0.0,1.5964240102171137,0.0
2024-06-06,4208.683250736889,36.14072145484897,0.2730912288559116,2037.3341925525049,0.0,0.0,1.5964240102171137,0.0
2024-06-07,4214.133426211782,5.450175474892603,0.2730912288559116,2037.3341925525049,0.0,0.0,1.5964240102171137,0.0
2024-06-08,4126.588895266172,-87.54453094560995,0.0,2034.634872277666,0.014418446383565276,0.0,1.5964240102171137,0.0
2024-06-09,4123.862695383135,-2.7261998830363154,0.0,2034.634872277666,0.014418446383565276,0.0,1.5964240102171137,0.0
2024-06-10,4113.246203458832,-10.616491924303773,0.0,2034.634872277666,0.014418446383565276,0.0,1.5964240102171137,0.0
2024-06-11,4031.6283484459677,-81.61785501286386,0.0,3028.9695869328384,0.014418446383565276,0.0,0.0,0.0
2024-06-12,3996.044830359814,-35.58351808615362,0.0,3996.044830359814,0.0,0.0,0.0,0.0
2024-06-13,3996.044830359814,0.0,0.0,3996.044830359814,0.0,0.0,0.0,0.0
2024-06-14,3996.044830359814,0.0,0.0,3996.044830359814,0.0,0.0,0.0,0.0
2024-06-15,3996.044830359814,0.0,0.0,3996.044830359814,0.0,0.0,0.0,0.0
2024-06-16,3996.044830359814,0.0,0.0,3996.044830359814,0.0,0.0,0.0,0.0
2024-06-17,3996.044830359814,0.0,0.0,3996.044830359814,0.0,0.0,0.0,0.0
2024-06-18,3996.044830359814,0.0,0.0,3996.044830359814,0.0,0.0,0.0,0.0
2024-06-19,3996.044830359814,0.0,0.0,3996.044830359814,0.0,0.0,0.0,0.0
2024-06-20,3996.044830359814,0.0,0.0,3996.044830359814,0.0,0.0,0.0,0.0
2024-06-21,3996.044830359814,0.0,0.0,3996.044830359814,0.0,0.0,0.0,0.0
2024-06-22,3996.044830359814,0.0,0.0,3996.044830359814,0.0,0.0,0.0,0.0
2024-06-23,3996.044830359814,0.0,0.0,3996.044830359814,0.0,0.0,0.0,0.0
2024-06-24,3996.044830359814,0.0,0.0,3996.044830359814,0.0,0.0,0.0,0.0
2024-06-25,3996.044830359814,0.0,0.0,3996.044830359814,0.0,0.0,0.0,0.0
2024-06-26,3996.044830359814,0.0,0.0,3996.044830359814,0.0,0.0,0.0,0.0
2024-06-27,3996.044830359814,0.0,0.0,3996.044830359814,0.0,0.0,0.0,0.0
2024-06-28,3996.044830359814,0.0,0.0,3996.044830359814,0.0,0.0,0.0,0.0
2024-06-29,3996.044830359814,0.0,0.0,3996.044830359814,0.0,0.0,0.0,0.0
2024-06-30,3996.044830359814,0.0,0.0,3996.044830359814,0.0,0.0,0.0,0.0
2024-07-01,3996.044830359814,0.0,0.0,3996.044830359814,0.0,0.0,0.0,0.0
2024-07-02,3996.044830359814,0.0,0.0,3996.044830359814,0.0,0.0,0.0,0.0
2024-07-03,3996.044830359814,0.0,0.0,3996.044830359814,0.0,0.0,0.0,0.0
2024-07-04,3996.044830359814,0.0,0.0,3996.044830359814,0.0,0.0,0.0,0.0
2024-07-05,3996.044830359814,0.0,0.0,3996.044830359814,0.0,0.0,0.0,0.0
2024-07-06,3996.044830359814,0.0,0.0,3996.044830359814,0.0,0.0,0.0,0.0
2024-07-07,3996.044830359814,0.0,0.0,3996.044830359814,0.0,0.0,0.0,0.0
2024-07-08,3996.044830359814,0.0,0.0,3996.044830359814,0.0,0.0,0.0,0.0
2024-07-09,3996.044830359814,0.0,0.0,3996.044830359814,0.0,0.0,0.0,0.0
2024-07-10,3996.044830359814,0.0,0.0,3996.044830359814,0.0,0.0,0.0,0.0
2024-07-11,3996.044830359814,0.0,0.0,3996.044830359814,0.0,0.0,0.0,0.0
2024-07-12,3996.044830359814,0.0,0.0,3996.044830359814,0.0,0.0,0.0,0.0
2024-07-13,3996.044830359814,0.0,0.0,3996.044830359814,0.0,0.0,0.0,0.0
2024-07-14,3992.442230359814,-3.602600000000166,0.0,2992.442230359814,0.0,0.0,0.0,2264.4927536231885
2024-07-15,3970.0237520989444,-22.418478260869506,0.0,2992.442230359814,0.0,0.0,0.0,2264.4927536231885
2024-07-16,3996.3124564467707,26.288704347826297,0.0,1988.839630359814,0.0,6.274312962730582,0.0,2264.4927536231885
2024-07-17,3988.694053795919,-7.618402650851749,0.0,1988.839630359814,0.0,6.274312962730582,0.0,2264.4927536231885
2024-07-18,3951.587687368767,-37.1063664271519,0.0,1988.839630359814,0.0,6.274312962730582,0.0,2264.4927536231885
2024-07-19,3946.621972169835,-4.96571519893223,0.0,1988.839630359814,0.0,6.274312962730582,0.0,2264.4927536231885
2024-07-20,4033.318700587017,86.69672841718193,0.2854264127893867,-1021.968169640186,0.015001500150015001,6.274312962730582,1.6852039096730704,2264.4927536231885
2024-07-21,4068.1972076750308,34.878507088013976,0.2854264127893867,-1021.968169640186,0.015001500150015001,6.274312962730582,1.6852039096730704,2264.4927536231885
2024-07-22,4194.744315772279,126.54710809724838,0.2854264127893867,-1021.968169640186,0.015001500150015001,6.274312962730582,1.6852039096730704,2264.4927536231885
2024-07-23,4050.0191143227344,-144.72520144954478,0.2854264127893867,-1021.968169640186,0.015001500150015001,6.274312962730582,1.6852039096730704,2264.4927536231885
2024-07-24,3952.5378096798386,-97.4813046428958,0.2854264127893867,-96.86611800975136,0.015001500150015001,6.274312962730582,1.6852039096730704,0.0
2024-07-25,3918.6029453776127,-33.93486430222583,0.0,851.8369777553768,0.015001500150015001,6.274312962730582,1.6852039096730704,0.0
2024-07-26,3875.293792694079,-43.30915268353374,0.0,1809.955150252849,0.015001500150015001,6.274312962730582,0.0,0.0
2024-07-27,3977.2526033825266,101.95881068844756,0.0,1809.955150252849,0.015001500150015001,6.274312962730582,0.0,0.0
2024-07-28,3982.476145293751,5.223541911224402,0.0,1809.955150252849,0.015001500150015001,6.274312962730582,0.0,0.0
2024-07-29,3993.9262021202394,11.450056826488435,0.0,1809.955150252849,0.015001500150015001,6.274312962730582,0.0,0.0
2024-07-30,3957.3270049122766,-36.59919720796279,0.0,1809.955150252849,0.015001500150015001,6.274312962730582,0.0,0.0
2024-07-31,3926.980352584853,-30.346652327423726,0.0,1809.955150252849,0.015001500150015001,6.274312962730582,0.0,0.0
2024-08-01,3856.8343807784872,-70.14597180636565,0.0,1809.955150252849,0.015001500150015001,6.274312962730582,0.0,0.0
2024-08-02,3833.1905866983507,-23.64379408013656,0.0,3833.1905866983507,0.0,0.0,0.0,0.0
2024-08-03,3833.1905866983507,0.0,0.0,3833.1905866983507,0.0,0.0,0.0,0.0
2024-08-04,3833.1905866983507,0.0,0.0,3833.1905866983507,0.0,0.0,0.0,0.0
2024-08-05,3833.1905866983507,0.0,0.0,3833.1905866983507,0.0,0.0,0.0,0.0
2024-08-06,3833.1905866983507,0.0,0.0,3833.1905866983507,0.0,0.0,0.0,0.0
2024-08-07,3833.1905866983507,0.0,0.0,3833.1905866983507,0.0,0.0,0.0,0.0
2024-08-08,3833.1905866983507,0.0,0.0,3833.1905866983507,0.0,0.0,0.0,0.0
2024-08-09,3833.1905866983507,0.0,0.0,3833.1905866983507,0.0,0.0,0.0,0.0
2024-08-10,3833.1905866983507,0.0,0.0,3833.1905866983507,0.0,0.0,0.0,0.0
2024-08-11,3833.1905866983507,0.0,0.0,3833.1905866983507,0.0,0.0,0.0,0.0
2024-08-12,3833.1905866983507,0.0,0.0,3833.1905866983507,0.0,0.0,0.0,0.0
2024-08-13,3833.1905866983507,0.0,0.0,3833.1905866983507,0.0,0.0,0.0,0.0
2024-08-14,3833.1905866983507,0.0,0.0,3833.1905866983507,0.0,0.0,0.0,0.0
2024-08-15,3833.1905866983507,0.0,0.0,3833.1905866983507,0.0,0.0,0.0,0.0
2024-08-16,3833.1905866983507,0.0,0.0,3833.1905866983507,0.0,0.0,0.0,0.0
2024-08-17,3833.1905866983507,0.0,0.0,3833.1905866983507,0.0,0.0,0.0,0.0
2024-08-18,3833.1905866983507,0.0,0.0,3833.1905866983507,0.0,0.0,0.0,0.0
2024-08-19,3833.1905866983507,0.0,0.0,3833.1905866983507,0.0,0.0,0.0,0.0
2024-08-20,3833.1905866983507,0.0,0.0,3833.1905866983507,0.0,0.0,0.0,0.0
2024-08-21,3833.1905866983507,0.0,0.0,3833.1905866983507,0.0,0.0,0.0,0.0
2024-08-22,3833.1905866983507,0.0,0.0,3833.1905866983507,0.0,0.0,0.0,0.0
2024-08-23,3833.1905866983507,0.0,0.0,3833.1905866983507,0.0,0.0,0.0,0.0
2024-08-24,3829.5879866983505,-3.602600000000166,0.0,2829.5879866983505,0.0,0.0,1.690045631232043,0.0
2024-08-25,3810.6594756285513,-18.928511069799242,0.0,2829.5879866983505,0.0,0.0,1.690045631232043,0.0
2024-08-26,3799.5051744624197,-11.154301166131518,0.0,2829.5879866983505,0.0,0.0,1.690045631232043,0.0
2024-08-27,3756.071001739757,-43.43417272266288,0.0,2829.5879866983505,0.0,0.0,1.690045631232043,0.0
2024-08-28,3727.6469804113804,-28.42402132837651,0.0,3727.6469804113804,0.0,0.0,0.0,0.0
2024-08-29,3727.6469804113804,0.0,0.0,3727.6469804113804,0.0,0.0,0.0,0.0
2024-08-30,3727.6469804113804,0.0,0.0,3727.6469804113804,0.0,0.0,0.0,0.0
2024-08-31,3727.6469804113804,0.0,0.0,3727.6469804113804,0.0,0.0,0.0,0.0
2024-09-01,3727.6469804113804,0.0,0.0,3727.6469804113804,0.0,0.0,0.0,0.0
2024-09-02,3727.6469804113804,0.0,0.0,3727.6469804113804,0.0,0.0,0.0,0.0
2024-09-03,3727.6469804113804,0.0,0.0,3727.6469804113804,0.0,0.0,0.0,0.0
2024-09-04,3727.6469804113804,0.0,0.0,3727.6469804113804,0.0,0.0,0.0,0.0
2024-09-05,3727.6469804113804,0.0,0.0,3727.6469804113804,0.0,0.0,0.0,0.0
2024-09-06,3727.6469804113804,0.0,0.0,3727.6469804113804,0.0,0.0,0.0,0.0
2024-09-07,3727.6469804113804,0.0,0.0,3727.6469804113804,0.0,0.0,0.0,0.0
2024-09-08,3727.6469804113804,0.0,0.0,3727.6469804113804,0.0,0.0,0.0,0.0
2024-09-09,3727.6469804113804,0.0,0.0,3727.6469804113804,0.0,0.0,0.0,0.0
2024-09-10,3727.6469804113804,0.0,0.0,3727.6469804113804,0.0,0.0,0.0,0.0
2024-09-11,3727.6469804113804,0.0,0.0,3727.6469804113804,0.0,0.0,0.0,0.0
2024-09-12,3727.6469804113804,0.0,0.0,3727.6469804113804,0.0,0.0,0.0,0.0
2024-09-13,3727.6469804113804,0.0,0.0,3727.6469804113804,0.0,0.0,0.0,0.0
2024-09-14,3727.6469804113804,0.0,0.0,3727.6469804113804,0.0,0.0,0.0,0.0
2024-09-15,3727.6469804113804,0.0,0.0,3727.6469804113804,0.0,0.0,0.0,0.0
2024-09-16,3727.6469804113804,0.0,0.0,3727.6469804113804,0.0,0.0,0.0,0.0
