Date,port_val,pnl,ADA,USDT,DOT,SOL,LINK,DOGE,BTC,ETH
2024-01-01,-0.5218865205919474,-0.5218865205919474,1.0,94.36140136610231,-2.223865682024468,-1.0,1.6300711686855653,1.428979407475196,0.0,0.0
2024-01-02,-8.56372582448118,-8.041839303889233,1.0,94.36140136610231,-2.223865682024468,-1.0,1.6300711686855653,1.428979407475196,0.0,0.0
2024-01-03,-5.616693517099204,2.947032307381976,1.0,94.36140136610231,-2.223865682024468,-1.0,1.6300711686855653,1.428979407475196,0.0,0.0
2024-01-04,-160.56201889578324,-154.94532537868403,1.0,40264.57837104512,-2.223865682024468,-1.0,1.6300711686855653,1.428979407475196,-1.0,1.1367197980985988
2024-01-05,-1407.5162828398888,-1246.9542639441056,1.0,40264.57837104512,-2.223865682024468,-1.0,1.6300711686855653,1.428979407475196,-1.0,1.1367197980985988
2024-01-06,-1394.4434181902575,13.072864649631356,1.0,40264.57837104512,-2.223865682024468,-1.0,1.6300711686855653,1.428979407475196,-1.0,1.1367197980985988
2024-01-07,-1243.6959902982603,150.74742789199718,1.0,40264.57837104512,-2.223865682024468,-1.0,1.6300711686855653,1.428979407475196,-1.0,1.1367197980985988
2024-01-08,-1222.6196008319635,21.07638946629686,2.0,40397.34420479046,-0.45711520940878003,-2.6326043266226464,1.6300711686855653,1.428979407475196,-1.0,1.1367197980985988
2024-01-09,-4141.492261250605,-2918.8726604186418,2.0,40397.34420479046,-0.45711520940878003,-2.6326043266226464,1.6300711686855653,1.428979407475196,-1.0,1.1367197980985988
2024-01-10,-3289.193205757934,852.2990554926714,2.0,40397.34420479046,-0.45711520940878003,-2.6326043266226464,1.6300711686855653,1.428979407475196,-1.0,1.1367197980985988
2024-01-11,-3565.7074480433917,-276.51424228545784,2.0,40309.04405415331,-2.223865682024468,-1.6326043266226464,1.6300711686855653,1.428979407475196,-1.0,1.1367197980985988
2024-01-12,-3209.6176134386287,356.0898346047629,2.0,40309.04405415331,-2.223865682024468,-1.6326043266226464,1.6300711686855653,1.428979407475196,-1.0,1.1367197980985988
2024-01-13,250.78846695381435,3460.406080392443,2.0,40309.04405415331,-2.223865682024468,-1.6326043266226464,1.6300711686855653,1.428979407475196,-1.0,1.1367197980985988
2024-01-14,242.90656473482613,-7.881902218988216,2.0,40309.04405415331,-2.223865682024468,-1.6326043266226464,1.6300711686855653,1.428979407475196,-1.0,1.1367197980985988
2024-01-15,1243.4395177861256,1000.5329530512995,2.0,40309.04405415331,-2.223865682024468,-1.6326043266226464,1.6300711686855653,1.428979407475196,-1.0,1.1367197980985988
2024-01-16,508.30624930183103,-735.1332684842946,2.0,40309.04405415331,-2.223865682024468,-1.6326043266226464,1.6300711686855653,1.428979407475196,-1.0,1.1367197980985988
2024-01-17,-37.69882412142033,-546.0050734232514,2.0,40309.04405415331,-2.223865682024468,-1.6326043266226464,1.6300711686855653,1.428979407475196,-1.0,1.1367197980985988
2024-01-18,252.47936582568582,290.17818994710615,2.0,40398.72596008849,-0.590186613038467,-2.6326043266226464,1.6300711686855653,1.428979407475196,-1.0,1.1367197980985988
2024-01-19,1652.1957744343513,1399.7164086086655,2.0,40398.72596008849,-0.590186613038467,-2.6326043266226464,1.6300711686855653,1.428979407475196,-1.0,1.1367197980985988
2024-01-20,1349.2630953904213,-302.93267904392997,2.0,40398.72596008849,-0.590186613038467,-2.6326043266226464,1.6300711686855653,1.428979407475196,-1.0,1.1367197980985988
2024-01-21,1290.9286369439997,-58.33445844642165,2.0,40391.9130256459,0.409813386961533,-2.6326043266226464,1.6300711686855653,0.0,-1.0,1.1367197980985988
2024-01-22,1393.6212839878194,102.69264704381976,1.0,40384.04126625536,1.633679068986001,-2.6326043266226464,1.6300711686855653,0.0,-1.0,1.1367197980985988
2024-01-23,3260.5342141680144,1866.912930180195,1.0,40384.04126625536,1.633679068986001,-2.6326043266226464,1.6300711686855653,0.0,-1.0,1.1367197980985988
2024-01-24,2847.768060790681,-412.76615337733347,1.0,40384.04126625536,1.633679068986001,-2.6326043266226464,1.6300711686855653,0.0,-1.0,1.1367197980985988
2024-01-25,2640.306901126772,-207.4611596639088,1.0,40384.04126625536,1.633679068986001,-2.6326043266226464,1.6300711686855653,0.0,-1.0,1.1367197980985988
2024-01-26,2749.511561070605,109.20465994383267,1.0,40384.04126625536,1.633679068986001,-2.6326043266226464,1.6300711686855653,0.0,-1.0,1.1367197980985988
2024-01-27,929.8219171652727,-1819.689643905332,1.0,40384.04126625536,1.633679068986001,-2.6326043266226464,1.6300711686855653,0.0,-1.0,1.1367197980985988
2024-01-28,627.9862058669796,-301.83571129829306,1.0,40384.04126625536,1.633679068986001,-2.6326043266226464,1.6300711686855653,0.0,-1.0,1.1367197980985988
2024-01-29,701.0620871575928,73.07588129061321,1.0,40390.78271087144,0.633679068986001,-2.6326043266226464,1.6300711686855653,1.3379109619813245,-1.0,1.1367197980985988
2024-01-30,-515.5902349014157,-1216.6523220590084,1.0,40390.78271087144,0.633679068986001,-2.6326043266226464,1.6300711686855653,1.3379109619813245,-1.0,1.1367197980985988
2024-01-31,-123.74007399221,391.85016090920567,1.0,40390.78271087144,0.633679068986001,-2.6326043266226464,1.6300711686855653,1.3379109619813245,-1.0,1.1367197980985988
2024-02-01,180.7856642678868,304.5257382600968,1.0,40390.78271087144,0.633679068986001,-2.6326043266226464,1.6300711686855653,1.3379109619813245,-1.0,1.1367197980985988
2024-02-02,-297.84656678844647,-478.63223105633324,1.0,40320.54046148535,0.633679068986001,-1.6326043266226464,0.0,1.3379109619813245,-1.0,1.1367197980985988
2024-02-03,-413.8898266154936,-116.04325982704711,1.0,40320.54046148535,0.633679068986001,-1.6326043266226464,0.0,1.3379109619813245,-1.0,1.1367197980985988
2024-02-04,-235.07120246017524,178.81862415531833,1.0,40320.54046148535,0.633679068986001,-1.6326043266226464,0.0,1.3379109619813245,-1.0,1.1367197980985988
2024-02-05,189.4349773056378,424.50617976581304,1.0,40320.54046148535,0.633679068986001,-1.6326043266226464,0.0,1.3379109619813245,-1.0,1.1367197980985988
2024-02-06,77.06958566955865,-112.36539163607915,1.0,40320.54046148535,0.633679068986001,-1.6326043266226464,0.0,1.3379109619813245,-1.0,1.1367197980985988
2024-02-07,-399.60317956569645,-476.6727652352551,1.0,-246.35323845648813,0.633679068986001,-1.6326043266226464,0.0,1.3379109619813245,0.0,0.0
2024-02-08,-406.4670668278872,-6.863887262190758,1.0,-246.35323845648813,0.633679068986001,-1.6326043266226464,0.0,1.3379109619813245,0.0,0.0
2024-02-09,-409.03840880089905,-2.5713419730118403,1.0,-246.35323845648813,0.633679068986001,-1.6326043266226464,0.0,1.3379109619813245,0.0,0.0
2024-02-10,-592.4720631134585,-183.43365431255944,1.0,44715.9931028319,0.633679068986001,-1.6326043266226464,0.0,1.3379109619813245,-1.0,0.8017847063912802
2024-02-11,-1203.1899784982718,-610.7179153848133,1.0,44715.9931028319,0.633679068986001,-1.6326043266226464,0.0,1.3379109619813245,-1.0,0.8017847063912802
2024-02-12,-1744.0453581775105,-540.8553796792387,1.0,44715.9931028319,0.633679068986001,-1.6326043266226464,0.0,1.3379109619813245,-1.0,0.8017847063912802
2024-02-13,-3245.481122253748,-1501.4357640762373,1.0,44715.9931028319,0.633679068986001,-1.6326043266226464,0.0,1.3379109619813245,-1.0,0.8017847063912802
2024-02-14,-3045.215844922973,200.265277330775,1.0,44715.9931028319,0.633679068986001,-1.6326043266226464,0.0,1.3379109619813245,-1.0,0.8017847063912802
2024-02-15,-5039.804201525636,-1994.5883566026632,1.0,44715.9931028319,0.633679068986001,-1.6326043266226464,0.0,1.3379109619813245,-1.0,0.8017847063912802
2024-02-16,-5080.544539944191,-40.74033841855453,1.0,44715.9931028319,0.633679068986001,-1.6326043266226464,0.0,1.3379109619813245,-1.0,0.8017847063912802
2024-02-17,-5336.242458386006,-255.6979184418151,1.0,44715.9931028319,0.633679068986001,-1.6326043266226464,0.0,1.3379109619813245,-1.0,0.8017847063912802
2024-02-18,-4865.150833959729,471.0916244262762,1.0,44715.9931028319,0.633679068986001,-1.6326043266226464,0.0,1.3379109619813245,-1.0,0.8017847063912802
2024-02-19,-5289.104343374807,-423.95350941507786,1.0,44715.9931028319,0.633679068986001,-1.6326043266226464,0.0,1.3379109619813245,-1.0,0.8017847063912802
2024-02-20,-4873.887409092176,415.216934282631,1.0,44715.9931028319,0.633679068986001,-1.6326043266226464,0.0,1.3379109619813245,-1.0,0.8017847063912802
2024-02-21,-5296.820705999065,-422.93329690688824,0.0,44708.64998689346,1.6599236863410325,-1.6326043266226464,0.0,1.3379109619813245,-1.0,0.8017847063912802
2024-02-22,-4920.089478060758,376.7312279383068,0.0,44708.64998689346,1.6599236863410325,-1.6326043266226464,0.0,1.3379109619813245,-1.0,0.8017847063912802
2024-02-23,-4350.952005326874,569.1374727338834,0.0,44708.64998689346,1.6599236863410325,-1.6326043266226464,0.0,1.3379109619813245,-1.0,0.8017847063912802
2024-02-24,-3842.922775236095,508.0292300907795,0.0,44708.64998689346,1.6599236863410325,-1.6326043266226464,0.0,1.3379109619813245,-1.0,0.8017847063912802
2024-02-25,-4616.846036745012,-773.9232615089168,0.0,44708.64998689346,1.6599236863410325,-1.6326043266226464,0.0,1.3379109619813245,-1.0,0.8017847063912802
2024-02-26,-4680.651051726711,-63.80501498169906,0.0,44617.70430168715,0.026244617355031474,-0.6326043266226464,0.0,1.3379109619813245,-1.0,0.8017847063912802
2024-02-27,-7586.9540165582775,-2906.302964831567,0.0,-7517.763000459719,0.026244617355031474,-0.6326043266226464,0.0,1.3379109619813245,0.0,0.0
2024-02-28,-7585.961758249,0.9922583092775312,0.0,-7517.763000459719,0.026244617355031474,-0.6326043266226464,0.0,1.3379109619813245,0.0,0.0
2024-02-29,-7826.767984042242,-240.80622579324154,1.0,52064.05065259932,-1.0,-0.6326043266226464,0.0,1.3379109619813245,-1.0,0.7756609498304479
2024-03-01,-6564.0949129414485,1262.673071100793,1.0,52291.201485200414,0.22234366350888823,-2.6326043266226464,0.6808906812591919,1.3379109619813245,-1.0,0.7756609498304479
2024-03-02,-7757.839358883992,-1193.7444459425433,0.0,52275.00949783134,2.1890090351174107,-2.6326043266226464,0.6808906812591919,0.0,-1.0,0.7756609498304479
2024-03-03,-7365.941072984162,391.8982858998297,0.0,52156.046514604306,0.9666653716085225,-1.6326043266226464,0.6808906812591919,0.0,-1.0,0.7756609498304479
2024-03-04,-8441.683903504541,-1075.7428305203794,1.0,52164.73693301994,0.0,-1.6326043266226464,0.6808906812591919,0.0,-1.0,0.7756609498304479
2024-03-05,-13469.967314083568,-5028.283410579026,1.0,52164.73693301994,0.0,-1.6326043266226464,0.6808906812591919,0.0,-1.0,0.7756609498304479
2024-03-06,-8993.816341888642,4476.150972194926,1.0,52164.73693301994,0.0,-1.6326043266226464,0.6808906812591919,0.0,-1.0,0.7756609498304479
2024-03-07,-11395.221431520038,-2401.4050896313965,1.0,-11185.632373887876,-1.0,-1.6326043266226464,0.6808906812591919,0.46042139966734147,0.0,0.0
2024-03-08,-11416.340472636122,-21.11904111608419,1.0,-11185.632373887876,-1.0,-1.6326043266226464,0.6808906812591919,0.46042139966734147,0.0,0.0
2024-03-09,-11418.479121112217,-2.1386484760951134,2.0,-11176.995932764785,-1.883298390110603,-1.6326043266226464,0.6808906812591919,0.46042139966734147,0.0,0.0
2024-03-10,-11417.161612049298,1.317509062919271,2.0,-11176.995932764785,-1.883298390110603,-1.6326043266226464,0.6808906812591919,0.46042139966734147,0.0,0.0
2024-03-11,-11415.779028471752,1.3825835775460291,2.0,-11176.995932764785,-1.883298390110603,-1.6326043266226464,0.6808906812591919,0.46042139966734147,0.0,0.0
2024-03-12,-11424.651791098131,-8.872762626378972,2.0,-11176.995932764785,-1.883298390110603,-1.6326043266226464,0.6808906812591919,0.46042139966734147,0.0,0.0
2024-03-13,-11428.149122690005,-3.497331591874172,2.0,-11176.995932764785,-1.883298390110603,-1.6326043266226464,0.6808906812591919,0.46042139966734147,0.0,0.0
2024-03-14,-11726.106827087073,-297.9577043970676,2.0,58019.317311507606,-1.883298390110603,-1.6326043266226464,0.6808906812591919,0.46042139966734147,-1.0,0.8989874092017768
2024-03-15,-10175.067680132506,1551.0391469545666,2.0,58183.46454056804,-0.8602242770106219,-2.6326043266226464,0.6808906812591919,0.46042139966734147,-1.0,0.8989874092017768
2024-03-16,-8430.874361706428,1744.193318426078,2.0,58183.46454056804,-0.8602242770106219,-2.6326043266226464,0.6808906812591919,0.46042139966734147,-1.0,0.8989874092017768
2024-03-17,-4423.828058505832,4007.0463032005964,2.0,58183.46454056804,-0.8602242770106219,-2.6326043266226464,0.6808906812591919,0.46042139966734147,-1.0,0.8989874092017768
2024-03-18,-7459.414870727363,-3035.5868122215315,2.0,58183.46454056804,-0.8602242770106219,-2.6326043266226464,0.6808906812591919,0.46042139966734147,-1.0,0.8989874092017768
2024-03-19,-6772.126360655127,687.288510072236,2.0,58183.46454056804,-0.8602242770106219,-2.6326043266226464,0.6808906812591919,0.46042139966734147,-1.0,0.8989874092017768
2024-03-20,-1356.2929872111426,5415.833373443985,2.0,58183.46454056804,-0.8602242770106219,-2.6326043266226464,0.6808906812591919,0.46042139966734147,-1.0,0.8989874092017768
2024-03-21,-6994.8555191729265,-5638.562531961784,2.0,58183.46454056804,-0.8602242770106219,-2.6326043266226464,0.6808906812591919,0.46042139966734147,-1.0,0.8989874092017768
2024-03-22,-4644.21744242836,2350.638076744566,2.0,58183.46454056804,-0.8602242770106219,-2.6326043266226464,0.6808906812591919,0.46042139966734147,-1.0,0.8989874092017768
2024-03-23,-3068.9786581654084,1575.2387842629519,2.0,58183.46454056804,-0.8602242770106219,-2.6326043266226464,0.6808906812591919,0.46042139966734147,-1.0,0.8989874092017768
2024-03-24,-3261.9536685798157,-192.97501041440728,2.0,58183.46454056804,-0.8602242770106219,-2.6326043266226464,0.6808906812591919,0.46042139966734147,-1.0,0.8989874092017768
2024-03-25,-6398.701922826163,-3136.7482542463476,2.0,58183.46454056804,-0.8602242770106219,-2.6326043266226464,0.6808906812591919,0.46042139966734147,-1.0,0.8989874092017768
2024-03-26,-8960.126910306923,-2561.4249874807592,2.0,58183.46454056804,-0.8602242770106219,-2.6326043266226464,0.6808906812591919,0.46042139966734147,-1.0,0.8989874092017768
2024-03-27,-9074.274975167538,-114.1480648606157,2.0,58183.46454056804,-0.8602242770106219,-2.6326043266226464,0.6808906812591919,0.46042139966734147,-1.0,0.8989874092017768
2024-03-28,-8623.14071786996,451.1342572975791,2.0,58183.46454056804,-0.8602242770106219,-2.6326043266226464,0.6808906812591919,0.46042139966734147,-1.0,0.8989874092017768
2024-03-29,-9889.270400789383,-1266.1296829194234,2.0,58183.46454056804,-0.8602242770106219,-2.6326043266226464,0.6808906812591919,0.46042139966734147,-1.0,0.8989874092017768
2024-03-30,-9011.267636588924,878.0027642004588,2.0,58183.46454056804,-0.8602242770106219,-2.6326043266226464,0.6808906812591919,0.46042139966734147,-1.0,0.8989874092017768
2024-03-31,-8752.281870798497,258.98576579042674,2.0,58183.46454056804,-0.8602242770106219,-2.6326043266226464,0.6808906812591919,0.46042139966734147,-1.0,0.8989874092017768
2024-04-01,-10346.290128109533,-1594.0082573110358,2.0,58183.46454056804,-0.8602242770106219,-2.6326043266226464,0.6808906812591919,0.46042139966734147,-1.0,0.8989874092017768
2024-04-02,-8816.583670059295,1529.7064580502374,2.0,58183.46454056804,-0.8602242770106219,-2.6326043266226464,0.6808906812591919,0.46042139966734147,-1.0,0.8989874092017768
2024-04-03,-4804.592045105846,4011.991624953449,2.0,58183.46454056804,-0.8602242770106219,-2.6326043266226464,0.6808906812591919,0.46042139966734147,-1.0,0.8989874092017768
2024-04-04,-5284.561865064201,-479.9698199583545,2.0,58183.46454056804,-0.8602242770106219,-2.6326043266226464,0.6808906812591919,0.46042139966734147,-1.0,0.8989874092017768
2024-04-05,-7791.371020613442,-2506.809155549241,2.0,58183.46454056804,-0.8602242770106219,-2.6326043266226464,0.6808906812591919,0.46042139966734147,-1.0,0.8989874092017768
2024-04-06,-7107.678901737256,683.6921188761862,2.0,58183.46454056804,-0.8602242770106219,-2.6326043266226464,0.6808906812591919,0.46042139966734147,-1.0,0.8989874092017768
2024-04-07,-8163.990242759591,-1056.311341022335,2.0,58183.46454056804,-0.8602242770106219,-2.6326043266226464,0.6808906812591919,0.46042139966734147,-1.0,0.8989874092017768
2024-04-08,-8538.268912612431,-374.2786698528407,2.0,58183.46454056804,-0.8602242770106219,-2.6326043266226464,0.6808906812591919,0.46042139966734147,-1.0,0.8989874092017768
2024-04-09,-10584.920061795112,-2046.6511491826805,2.0,58183.46454056804,-0.8602242770106219,-2.6326043266226464,0.6808906812591919,0.46042139966734147,-1.0,0.8989874092017768
2024-04-10,-8258.60621878873,2326.3138430063827,2.0,58183.46454056804,-0.8602242770106219,-2.6326043266226464,0.6808906812591919,0.46042139966734147,-1.0,0.8989874092017768
2024-04-11,-9710.49573968463,-1451.8895208959002,2.0,58183.46454056804,-0.8602242770106219,-2.6326043266226464,0.6808906812591919,0.46042139966734147,-1.0,0.8989874092017768
2024-04-12,-9121.82434149619,588.6713981884386,2.0,58183.46454056804,-0.8602242770106219,-2.6326043266226464,0.6808906812591919,0.46042139966734147,-1.0,0.8989874092017768
2024-04-13,-6420.679247389582,2701.1450941066087,2.0,58183.46454056804,-0.8602242770106219,-2.6326043266226464,0.6808906812591919,0.46042139966734147,-1.0,0.8989874092017768
2024-04-14,-3397.8054558242297,3022.8737915653523,2.0,58183.46454056804,-0.8602242770106219,-2.6326043266226464,0.6808906812591919,0.46042139966734147,-1.0,0.8989874092017768
2024-04-15,-5035.4410962642105,-1637.6356404399808,2.0,58183.46454056804,-0.8602242770106219,-2.6326043266226464,0.6808906812591919,0.46042139966734147,-1.0,0.8989874092017768
2024-04-16,-2808.0451864990578,2227.3959097651527,2.0,58183.46454056804,-0.8602242770106219,-2.6326043266226464,0.6808906812591919,0.46042139966734147,-1.0,0.8989874092017768
2024-04-17,-3191.4758823926304,-383.43069589357265,2.0,58183.46454056804,-0.8602242770106219,-2.6326043266226464,0.6808906812591919,0.46042139966734147,-1.0,0.8989874092017768
2024-04-18,-752.9067918656683,2438.569090526962,2.0,58183.46454056804,-0.8602242770106219,-2.6326043266226464,0.6808906812591919,0.46042139966734147,-1.0,0.8989874092017768
2024-04-19,-2901.166691220663,-2148.2598993549946,2.0,58183.46454056804,-0.8602242770106219,-2.6326043266226464,0.6808906812591919,0.46042139966734147,-1.0,0.8989874092017768
2024-04-20,-3257.216458747557,-356.04976752689436,2.0,58183.46454056804,-0.8602242770106219,-2.6326043266226464,0.6808906812591919,0.46042139966734147,-1.0,0.8989874092017768
2024-04-21,-4313.166585388251,-1055.9501266406942,2.0,58183.46454056804,-0.8602242770106219,-2.6326043266226464,0.6808906812591919,0.46042139966734147,-1.0,0.8989874092017768
2024-04-22,-4314.486970822197,-1.3203854339453756,2.0,58183.46454056804,-0.8602242770106219,-2.6326043266226464,0.6808906812591919,0.46042139966734147,-1.0,0.8989874092017768
2024-04-23,-6166.90165951835,-1852.4146886961535,2.0,58183.46454056804,-0.8602242770106219,-2.6326043266226464,0.6808906812591919,0.46042139966734147,-1.0,0.8989874092017768
2024-04-24,-5738.498589266572,428.40307025177844,2.0,58183.46454056804,-0.8602242770106219,-2.6326043266226464,0.6808906812591919,0.46042139966734147,-1.0,0.8989874092017768
2024-04-25,-3666.6779563247824,2071.8206329417894,2.0,58183.46454056804,-0.8602242770106219,-2.6326043266226464,0.6808906812591919,0.46042139966734147,-1.0,0.8989874092017768
2024-04-26,-3854.1133774731193,-187.4354211483369,2.0,58183.46454056804,-0.8602242770106219,-2.6326043266226464,0.6808906812591919,0.46042139966734147,-1.0,0.8989874092017768
2024-04-27,-3133.5788763928226,720.5345010802966,2.0,58053.56356421187,-0.8602242770106219,-1.6326043266226464,0.0,0.46042139966734147,-1.0,0.8989874092017768
2024-04-28,-2717.264818069841,416.3140583229815,2.0,58053.56356421187,-0.8602242770106219,-1.6326043266226464,0.0,0.46042139966734147,-1.0,0.8989874092017768
2024-04-29,-2361.338491375656,355.92632669418526,2.0,58053.56356421187,-0.8602242770106219,-1.6326043266226464,0.0,0.46042139966734147,-1.0,0.8989874092017768
2024-04-30,-3150.246628740819,-788.9081373651629,2.0,58053.56356421187,-0.8602242770106219,-1.6326043266226464,0.0,0.46042139966734147,-1.0,0.8989874092017768
2024-05-01,-120.39181093875595,3029.854817802063,2.0,58053.56356421187,-0.8602242770106219,-1.6326043266226464,0.0,0.46042139966734147,-1.0,0.8989874092017768
2024-05-02,2136.009296214662,2256.401107153418,2.0,58053.56356421187,-0.8602242770106219,-1.6326043266226464,0.0,0.46042139966734147,-1.0,0.8989874092017768
2024-05-03,1447.6069862510826,-688.4023099635792,2.0,58053.56356421187,-0.8602242770106219,-1.6326043266226464,0.0,0.46042139966734147,-1.0,0.8989874092017768
2024-05-04,-2279.0585107627503,-3726.665497013833,2.0,58053.56356421187,-0.8602242770106219,-1.6326043266226464,0.0,0.46042139966734147,-1.0,0.8989874092017768
2024-05-05,-3279.693970731673,-1000.6354599689225,2.0,58053.56356421187,-0.8602242770106219,-1.6326043266226464,0.0,0.46042139966734147,-1.0,0.8989874092017768
2024-05-06,-3382.0540032461186,-102.36003251444572,2.0,58053.56356421187,-0.8602242770106219,-1.6326043266226464,0.0,0.46042139966734147,-1.0,0.8989874092017768
2024-05-07,-2613.0275998972156,769.0264033489029,2.0,58053.56356421187,-0.8602242770106219,-1.6326043266226464,0.0,0.46042139966734147,-1.0,0.8989874092017768
2024-05-08,-1803.1770780577858,809.8505218394298,2.0,58053.56356421187,-0.8602242770106219,-1.6326043266226464,0.0,0.46042139966734147,-1.0,0.8989874092017768
2024-05-09,-702.8501719903984,1100.3269060673874,2.0,58053.56356421187,-0.8602242770106219,-1.6326043266226464,0.0,0.46042139966734147,-1.0,0.8989874092017768
2024-05-10,-2545.0678414761296,-1842.2176694857312,2.0,58053.56356421187,-0.8602242770106219,-1.6326043266226464,0.0,0.46042139966734147,-1.0,0.8989874092017768
2024-05-11,-373.599645552737,2171.4681959233926,2.0,58053.56356421187,-0.8602242770106219,-1.6326043266226464,0.0,0.46042139966734147,-1.0,0.8989874092017768
2024-05-12,-396.36824261105767,-22.768597058320665,2.0,58053.56356421187,-0.8602242770106219,-1.6326043266226464,0.0,0.46042139966734147,-1.0,0.8989874092017768
2024-05-13,-1035.9477251816497,-639.5794825705921,2.0,58053.56356421187,-0.8602242770106219,-1.6326043266226464,0.0,0.46042139966734147,-1.0,0.8989874092017768
2024-05-14,-2479.2828221242253,-1443.3350969425755,2.0,58053.56356421187,-0.8602242770106219,-1.6326043266226464,0.0,0.46042139966734147,-1.0,0.8989874092017768
2024-05-15,-1169.6409980117905,1309.6418241124347,2.0,58053.56356421187,-0.8602242770106219,-1.6326043266226464,0.0,0.46042139966734147,-1.0,0.8989874092017768
2024-05-16,-5690.524305201553,-4520.8833071897625,2.0,58053.56356421187,-0.8602242770106219,-1.6326043266226464,0.0,0.46042139966734147,-1.0,0.8989874092017768
2024-05-17,-4799.641104699549,890.883200502004,2.0,58053.56356421187,-0.8602242770106219,-1.6326043266226464,0.0,0.46042139966734147,-1.0,0.8989874092017768
2024-05-18,-6472.543189786559,-1672.9020850870102,2.0,58053.56356421187,-0.8602242770106219,-1.6326043266226464,0.0,0.46042139966734147,-1.0,0.8989874092017768
2024-05-19,-6340.73585347326,131.80733631329895,2.0,58053.56356421187,-0.8602242770106219,-1.6326043266226464,0.0,0.46042139966734147,-1.0,0.8989874092017768
2024-05-20,-5741.8729225864045,598.8629308868558,2.0,58053.56356421187,-0.8602242770106219,-1.6326043266226464,0.0,0.46042139966734147,-1.0,0.8989874092017768
2024-05-21,-10412.088296772576,-4670.215374186171,2.0,58236.46611645713,-0.8602242770106219,-2.6326043266226464,0.18043057256641173,0.46042139966734147,-1.0,0.8989874092017768
2024-05-22,-9241.500197340716,1170.5880994318595,2.0,-8770.04323929811,-0.8602242770106219,-2.6326043266226464,0.18043057256641173,0.46042139966734147,0.0,0.0
2024-05-23,-9238.311549116337,3.188648224378994,2.0,-8770.04323929811,-0.8602242770106219,-2.6326043266226464,0.18043057256641173,0.46042139966734147,0.0,0.0
2024-05-24,-9235.997263377949,2.3142857383882074,2.0,-8770.04323929811,-0.8602242770106219,-2.6326043266226464,0.18043057256641173,0.46042139966734147,0.0,0.0
2024-05-25,-9213.654377508072,22.342885869877136,2.0,-8770.04323929811,-0.8602242770106219,-2.6326043266226464,0.18043057256641173,0.46042139966734147,0.0,0.0
2024-05-26,-9215.477369932589,-1.8229924245169968,2.0,-8770.04323929811,-0.8602242770106219,-2.6326043266226464,0.18043057256641173,0.46042139966734147,0.0,0.0
2024-05-27,-9202.670202714371,12.807167218217728,2.0,-8770.04323929811,-0.8602242770106219,-2.6326043266226464,0.18043057256641173,0.46042139966734147,0.0,0.0
2024-05-28,-9220.148962162824,-17.478759448453275,2.0,-8770.04323929811,-0.8602242770106219,-2.6326043266226464,0.18043057256641173,0.46042139966734147,0.0,0.0
2024-05-29,-9216.116616667572,4.03234549525223,2.0,-8770.04323929811,-0.8602242770106219,-2.6326043266226464,0.18043057256641173,0.46042139966734147,0.0,0.0
2024-05-30,-9215.030559409497,1.0860572580750159,2.0,-8770.04323929811,-0.8602242770106219,-2.6326043266226464,0.18043057256641173,0.46042139966734147,0.0,0.0
2024-05-31,-9211.188033824894,3.8425255846032087,2.0,-8770.04323929811,-0.8602242770106219,-2.6326043266226464,0.18043057256641173,0.46042139966734147,0.0,0.0
2024-06-01,-9207.852305996435,3.3357278284584027,2.0,-8770.04323929811,-0.8602242770106219,-2.6326043266226464,0.18043057256641173,0.46042139966734147,0.0,0.0
2024-06-02,-9459.238715891379,-251.38640989494343,2.0,-75145.71352816468,-0.8602242770106219,-2.6326043266226464,0.18043057256641173,0.46042139966734147,1.0,-0.430109568129994
2024-06-03,-9437.570854459325,21.66786143205354,2.0,-75145.71352816468,-0.8602242770106219,-2.6326043266226464,0.18043057256641173,0.46042139966734147,1.0,-0.430109568129994
2024-06-04,-8392.01319896642,1045.5576554929048,2.0,-75145.71352816468,-0.8602242770106219,-2.6326043266226464,0.18043057256641173,0.46042139966734147,1.0,-0.430109568129994
2024-06-05,-6700.898707183339,1691.1144917830816,2.0,-75145.71352816468,-0.8602242770106219,-2.6326043266226464,0.18043057256641173,0.46042139966734147,1.0,-0.430109568129994
2024-06-06,-6159.41367134863,541.4850358347094,2.0,-75145.71352816468,-0.8602242770106219,-2.6326043266226464,0.18043057256641173,0.46042139966734147,1.0,-0.430109568129994
2024-06-07,-6436.840022648497,-277.42635129986775,2.0,-75145.71352816468,-0.8602242770106219,-2.6326043266226464,0.18043057256641173,0.46042139966734147,1.0,-0.430109568129994
2024-06-08,-7802.40570501362,-1365.5656823651225,2.0,-75305.86527628436,-0.8602242770106219,-1.6326043266226464,0.0,0.46042139966734147,1.0,-0.430109568129994
2024-06-09,-8096.150693792111,-293.74498877849146,2.0,-7833.9258474106055,-0.8602242770106219,-1.6326043266226464,0.0,0.46042139966734147,0.0,0.0
2024-06-10,-8103.262359441461,-7.111665649349561,2.0,-7833.9258474106055,-0.8602242770106219,-1.6326043266226464,0.0,0.46042139966734147,0.0,0.0
2024-06-11,-8098.240324895925,5.022034545535462,2.0,-7833.9258474106055,-0.8602242770106219,-1.6326043266226464,0.0,0.46042139966734147,0.0,0.0
2024-06-12,-8082.290758067004,15.949566828920979,1.0,-7839.159338530767,0.023074113099981197,-1.6326043266226464,0.0,0.46042139966734147,0.0,0.0
2024-06-13,-8091.911590522221,-9.62083245521626,1.0,-7839.159338530767,0.023074113099981197,-1.6326043266226464,0.0,0.46042139966734147,0.0,0.0
2024-06-14,-8079.569520540651,12.342069981569693,1.0,-7974.250715275151,0.023074113099981197,-0.6326043266226464,-0.8437492729638624,0.46042139966734147,0.0,0.0
2024-06-15,-8076.568645435324,3.0008751053273954,1.0,-7974.250715275151,0.023074113099981197,-0.6326043266226464,-0.8437492729638624,0.46042139966734147,0.0,0.0
2024-06-16,-8322.80591962584,-246.23727419051647,1.0,-72782.07392549356,0.023074113099981197,-0.6326043266226464,-0.8437492729638624,0.46042139966734147,1.0,-0.4665541316022982
2024-06-17,-7904.050639608093,418.7552800177473,1.0,-72782.07392549356,0.023074113099981197,-0.6326043266226464,-0.8437492729638624,0.46042139966734147,1.0,-0.4665541316022982
2024-06-18,-8018.338532048605,-114.28789244051222,1.0,-72788.10570531833,1.0230741130999812,-0.6326043266226464,-0.8437492729638624,0.0,1.0,-0.4665541316022982
2024-06-19,-9330.428675570596,-1312.0901435219912,1.0,-72788.10570531833,1.0230741130999812,-0.6326043266226464,-0.8437492729638624,0.0,1.0,-0.4665541316022982
2024-06-20,-9566.99645903611,-236.56778346551437,1.0,-72918.30282582757,0.0,0.36739567337735357,-0.8437492729638624,0.0,1.0,-0.4665541316022982
2024-06-21,-9649.955403622027,-82.95894458591647,0.0,-72923.9517310498,1.0652729145232525,0.36739567337735357,-0.8437492729638624,0.0,1.0,-0.4665541316022982
2024-06-22,-10378.217979064515,-728.262575442488,0.0,-72923.9517310498,1.0652729145232525,0.36739567337735357,-0.8437492729638624,0.0,1.0,-0.4665541316022982
2024-06-23,-10249.030252191404,129.1877268731114,0.0,-72923.9517310498,1.0652729145232525,0.36739567337735357,-0.8437492729638624,0.0,1.0,-0.4665541316022982
2024-06-24,-11267.812781577099,-1018.7825293856949,0.0,-72923.9517310498,1.0652729145232525,0.36739567337735357,-0.8437492729638624,0.0,1.0,-0.4665541316022982
2024-06-25,-14151.673996010453,-2883.8612144333547,1.0,-72918.24979797156,0.0,0.36739567337735357,-0.8437492729638624,0.0,1.0,-0.4665541316022982
2024-06-26,-12657.557935997165,1494.116060013288,1.0,-72918.24979797156,0.0,0.36739567337735357,-0.8437492729638624,0.0,1.0,-0.4665541316022982
2024-06-27,-13587.311428479352,-929.7534924821866,1.0,-72918.24979797156,0.0,0.36739567337735357,-0.8437492729638624,0.0,1.0,-0.4665541316022982
2024-06-28,-12778.428243040928,808.8831854384243,2.0,-72906.04522365701,-2.028440529937397,0.36739567337735357,-0.8437492729638624,0.8595001887908033,1.0,-0.4665541316022982
2024-06-29,-14027.631234505843,-1249.2029914649156,2.0,-72778.18602592629,-2.028440529937397,-0.6326043266226464,0.0,0.8595001887908033,1.0,-0.4665541316022982
2024-06-30,-13468.100806071765,559.5304284340782,2.0,-72778.18602592629,-2.028440529937397,-0.6326043266226464,0.0,0.8595001887908033,1.0,-0.4665541316022982
2024-07-01,-11714.724866672255,1753.3759393995097,2.0,-72778.18602592629,-2.028440529937397,-0.6326043266226464,0.0,0.8595001887908033,1.0,-0.4665541316022982
2024-07-02,-11588.878168964118,125.84669770813707,2.0,-72778.18602592629,-2.028440529937397,-0.6326043266226464,0.0,0.8595001887908033,1.0,-0.4665541316022982
2024-07-03,-12349.300520374749,-760.4223514106307,2.0,-72636.44230853565,-2.028440529937397,-1.6326043266226464,0.8109650000336008,0.8595001887908033,1.0,-0.4665541316022982
2024-07-04,-14195.717212809652,-1846.4166924349029,2.0,-72636.44230853565,-2.028440529937397,-1.6326043266226464,0.8109650000336008,0.8595001887908033,1.0,-0.4665541316022982
2024-07-05,-17222.980045905253,-3027.2628330956013,2.0,-72636.44230853565,-2.028440529937397,-1.6326043266226464,0.8109650000336008,0.8595001887908033,1.0,-0.4665541316022982
2024-07-06,-17618.866599910136,-395.8865540048828,2.0,-72636.44230853565,-2.028440529937397,-1.6326043266226464,0.8109650000336008,0.8595001887908033,1.0,-0.4665541316022982
2024-07-07,-16071.828621980858,1547.037977929278,2.0,-72636.44230853565,-2.028440529937397,-1.6326043266226464,0.8109650000336008,0.8595001887908033,1.0,-0.4665541316022982
2024-07-08,-18362.208857165988,-2290.38023518513,2.0,-72636.44230853565,-2.028440529937397,-1.6326043266226464,0.8109650000336008,0.8595001887908033,1.0,-0.4665541316022982
2024-07-09,-17559.194022003612,803.0148351623757,2.0,-72636.44230853565,-2.028440529937397,-1.6326043266226464,0.8109650000336008,0.8595001887908033,1.0,-0.4665541316022982
2024-07-10,-16249.234561400712,1309.9594606029004,2.0,-72636.44230853565,-2.028440529937397,-1.6326043266226464,0.8109650000336008,0.8595001887908033,1.0,-0.4665541316022982
2024-07-11,-16590.322494175052,-341.0879327743405,2.0,-72636.44230853565,-2.028440529937397,-1.6326043266226464,0.8109650000336008,0.8595001887908033,1.0,-0.4665541316022982
2024-07-12,-16965.340325971356,-375.01783179630365,2.0,-72636.44230853565,-2.028440529937397,-1.6326043266226464,0.8109650000336008,0.8595001887908033,1.0,-0.4665541316022982
2024-07-13,-16438.59161924543,526.7487067259244,1.0,-72724.56813842116,-2.028440529937397,-0.9999999999999999,0.8109650000336008,0.8595001887908033,1.0,-0.4665541316022982
2024-07-14,-15145.734937251778,1292.8566819936532,1.0,-72724.56813842116,-2.028440529937397,-0.9999999999999999,0.8109650000336008,0.8595001887908033,1.0,-0.4665541316022982
2024-07-15,-13589.706663283127,1556.0282739686518,1.0,-72724.56813842116,-2.028440529937397,-0.9999999999999999,0.8109650000336008,0.8595001887908033,1.0,-0.4665541316022982
2024-07-16,-9786.517199275033,3803.1894640080936,1.0,-72570.93861381926,-1.2328610051989561,-2.0,0.8109650000336008,0.8595001887908033,1.0,-0.4665541316022982
2024-07-17,-9690.586588649201,95.93061062583183,1.0,-9373.59986568329,-1.2328610051989561,-2.0,0.8109650000336008,0.8595001887908033,0.0,0.0
2024-07-18,-9680.630615132357,9.955973516844097,1.0,-9373.59986568329,-1.2328610051989561,-2.0,0.8109650000336008,0.8595001887908033,0.0,0.0
2024-07-19,-9688.024399017195,-7.3937838848378306,1.0,-9379.612424157973,-0.23286100519895614,-2.0,0.8109650000336008,0.0,0.0,0.0
2024-07-20,-9707.49415386845,-19.469754851255857,1.0,-9379.612424157973,-0.23286100519895614,-2.0,0.8109650000336008,0.0,0.0,0.0
2024-07-21,-9716.697531056288,-9.20337718783776,2.0,-9269.27620011231,-0.23286100519895614,-2.6404092197784017,0.8109650000336008,0.0,0.0,0.0
2024-07-22,-9744.99353589216,-28.296004835870917,2.0,-9269.27620011231,-0.23286100519895614,-2.6404092197784017,0.8109650000336008,0.0,0.0,0.0
2024-07-23,-9730.938017119986,14.055518772172945,2.0,-9275.319958319626,0.7671389948010439,-2.6404092197784017,0.8109650000336008,-0.5405861264614443,0.0,0.0
2024-07-24,-9715.620724813316,15.317292306670424,2.0,-9275.319958319626,0.7671389948010439,-2.6404092197784017,0.8109650000336008,-0.5405861264614443,0.0,0.0
2024-07-25,-9729.451346045684,-13.830621232367776,2.0,-9275.319958319626,0.7671389948010439,-2.6404092197784017,0.8109650000336008,-0.5405861264614443,0.0,0.0
2024-07-26,-9956.435348291714,-226.9840022460303,2.0,54537.62465544224,0.7671389948010439,-2.6404092197784017,0.8109650000336008,-0.5405861264614443,-1.0,0.5492126111604085
2024-07-27,-12039.02652801777,-2082.591179726056,2.0,54537.62465544224,0.7671389948010439,-2.6404092197784017,0.8109650000336008,-0.5405861264614443,-1.0,0.5492126111604085
2024-07-28,-12043.888946368414,-4.862418350643566,2.0,54537.62465544224,0.7671389948010439,-2.6404092197784017,0.8109650000336008,-0.5405861264614443,-1.0,0.5492126111604085
2024-07-29,-12388.537259329636,-344.6483129612225,2.0,54537.62465544224,0.7671389948010439,-2.6404092197784017,0.8109650000336008,-0.5405861264614443,-1.0,0.5492126111604085
2024-07-30,-10890.981447114402,1497.5558122152343,2.0,54537.62465544224,0.7671389948010439,-2.6404092197784017,0.8109650000336008,-0.5405861264614443,-1.0,0.5492126111604085
2024-07-31,-10306.822502481926,584.158944632476,2.0,54537.62465544224,0.7671389948010439,-2.6404092197784017,0.8109650000336008,-0.5405861264614443,-1.0,0.5492126111604085
2024-08-01,-8753.049150350336,1553.7733521315895,2.0,54537.62465544224,0.7671389948010439,-2.6404092197784017,0.8109650000336008,-0.5405861264614443,-1.0,0.5492126111604085
2024-08-02,-9483.71052999132,-730.6613796409838,2.0,54537.62465544224,0.7671389948010439,-2.6404092197784017,0.8109650000336008,-0.5405861264614443,-1.0,0.5492126111604085
2024-08-03,-5707.878145206811,3775.8323847845095,2.0,54537.62465544224,0.7671389948010439,-2.6404092197784017,0.8109650000336008,-0.5405861264614443,-1.0,0.5492126111604085
2024-08-04,-4927.947715627729,779.9304295790816,2.0,54537.62465544224,0.7671389948010439,-2.6404092197784017,0.8109650000336008,-0.5405861264614443,-1.0,0.5492126111604085
2024-08-05,-2498.782416530883,2429.165299096846,2.0,54537.62465544224,0.7671389948010439,-2.6404092197784017,0.8109650000336008,-0.5405861264614443,-1.0,0.5492126111604085
2024-08-06,1316.1390840530805,3814.9215005839633,2.0,1398.7980525285514,-0.028440529937396763,-0.6404092197784017,0.0,-0.5405861264614443,0.0,0.0
2024-08-07,1306.8045833111653,-9.334500741915235,2.0,1398.7980525285514,-0.028440529937396763,-0.6404092197784017,0.0,-0.5405861264614443,0.0,0.0
2024-08-08,1306.0183363444619,-0.786246966703402,2.0,1539.3757667747866,-0.028440529937396763,-1.6404092197784017,0.38589775585916253,-0.5405861264614443,0.0,0.0
2024-08-09,1049.067711902631,-256.950624441831,2.0,61810.21639954406,0.3639930810898243,-2.6404092197784017,0.38589775585916253,-0.5405861264614443,-1.0,0.5028897847007525
2024-08-10,1872.9280983626704,823.8603864600395,2.0,61810.21639954406,0.3639930810898243,-2.6404092197784017,0.38589775585916253,-0.5405861264614443,-1.0,0.5028897847007525
2024-08-11,1798.995268075216,-73.93283028745441,2.0,61810.21639954406,0.3639930810898243,-2.6404092197784017,0.38589775585916253,-0.5405861264614443,-1.0,0.5028897847007525
2024-08-12,4014.9941132282747,2215.998845153059,2.0,61810.21639954406,0.3639930810898243,-2.6404092197784017,0.38589775585916253,-0.5405861264614443,-1.0,0.5028897847007525
2024-08-13,3452.692541582541,-562.3015716457339,2.0,61810.21639954406,0.3639930810898243,-2.6404092197784017,0.38589775585916253,-0.5405861264614443,-1.0,0.5028897847007525
2024-08-14,2201.24023528655,-1251.4523062959906,2.0,61810.21639954406,0.3639930810898243,-2.6404092197784017,0.38589775585916253,-0.5405861264614443,-1.0,0.5028897847007525
2024-08-15,4092.0091113999697,1890.7688761134195,2.0,61810.21639954406,0.3639930810898243,-2.6404092197784017,0.38589775585916253,-0.5405861264614443,-1.0,0.5028897847007525
2024-08-16,5191.135088241847,1099.1259768418777,2.0,61810.21639954406,0.3639930810898243,-2.6404092197784017,0.38589775585916253,-0.5405861264614443,-1.0,0.5028897847007525
2024-08-17,3877.4029098165283,-1313.732178425319,2.0,61536.704090819614,-0.028440529937396763,-0.6404092197784017,0.0,-0.5405861264614443,-1.0,0.5028897847007525
2024-08-18,3269.1259793546365,-608.2769304618919,2.0,61536.704090819614,-0.028440529937396763,-0.6404092197784017,0.0,-0.5405861264614443,-1.0,0.5028897847007525
2024-08-19,4332.260026682333,1063.1340473276964,2.0,61536.704090819614,-0.028440529937396763,-0.6404092197784017,0.0,-0.5405861264614443,-1.0,0.5028897847007525
2024-08-20,3332.0891376846184,-1000.1708889977144,2.0,61536.704090819614,-0.028440529937396763,-0.6404092197784017,0.0,-0.5405861264614443,-1.0,0.5028897847007525
2024-08-21,3726.1404811315406,394.05134344692215,2.0,61536.704090819614,-0.028440529937396763,-0.6404092197784017,0.0,-0.5405861264614443,-1.0,0.5028897847007525
2024-08-22,1612.7350424291508,-2113.40543870239,2.0,61536.704090819614,-0.028440529937396763,-0.6404092197784017,0.0,-0.5405861264614443,-1.0,0.5028897847007525
2024-08-23,2388.7265865241743,775.9915440950235,2.0,61536.704090819614,-0.028440529937396763,-0.6404092197784017,0.0,-0.5405861264614443,-1.0,0.5028897847007525
2024-08-24,-1208.8798047866787,-3597.606391310853,2.0,61536.704090819614,-0.028440529937396763,-0.6404092197784017,0.0,-0.5405861264614443,-1.0,0.5028897847007525
2024-08-25,-1331.1997402130123,-122.31993542633359,2.0,61695.489563768635,0.2329211994755857,-1.6404092197784017,0.0,-0.5405861264614443,-1.0,0.5028897847007525
2024-08-26,-1402.3705405515984,-71.1708003385861,2.0,61695.489563768635,0.2329211994755857,-1.6404092197784017,0.0,-0.5405861264614443,-1.0,0.5028897847007525
2024-08-27,-46.523508683728096,1355.8470318678703,2.0,61695.489563768635,0.2329211994755857,-1.6404092197784017,0.0,-0.5405861264614443,-1.0,0.5028897847007525
2024-08-28,3277.1269086735965,3323.650417357325,2.0,61695.489563768635,0.2329211994755857,-1.6404092197784017,0.0,-0.5405861264614443,-1.0,0.5028897847007525
2024-08-29,3697.5613687149153,420.43446004131874,2.0,61695.489563768635,0.2329211994755857,-1.6404092197784017,0.0,-0.5405861264614443,-1.0,0.5028897847007525
2024-08-30,3379.583244017789,-317.9781246971261,2.0,61695.489563768635,0.2329211994755857,-1.6404092197784017,0.0,-0.5405861264614443,-1.0,0.5028897847007525
2024-08-31,3617.074080205587,237.49083618779787,2.0,61695.489563768635,0.2329211994755857,-1.6404092197784017,0.0,-0.5405861264614443,-1.0,0.5028897847007525
2024-09-01,3764.864261626955,147.79018142136783,2.0,61695.489563768635,0.2329211994755857,-1.6404092197784017,0.0,-0.5405861264614443,-1.0,0.5028897847007525
2024-09-02,5192.968775153385,1428.1045135264299,2.0,5276.304068609839,0.2329211994755857,-0.6404092197784017,-0.25082235483429793,-0.5405861264614443,0.0,0.0
2024-09-03,5188.784841241915,-4.183933911469467,2.0,5276.304068609839,0.2329211994755857,-0.6404092197784017,-0.25082235483429793,-0.5405861264614443,0.0,0.0
2024-09-04,5193.5711116337725,4.786270391857215,2.0,5276.304068609839,0.2329211994755857,-0.6404092197784017,-0.25082235483429793,-0.5405861264614443,0.0,0.0
2024-09-05,5189.677038940319,-3.8940726934533814,2.0,5276.304068609839,0.2329211994755857,-0.6404092197784017,-0.25082235483429793,-0.5405861264614443,0.0,0.0
2024-09-06,5192.446534915854,2.7694959755344826,2.0,5276.304068609839,0.2329211994755857,-0.6404092197784017,-0.25082235483429793,-0.5405861264614443,0.0,0.0
2024-09-07,5195.3222349293665,2.875700013512869,2.0,5276.304068609839,0.2329211994755857,-0.6404092197784017,-0.25082235483429793,-0.5405861264614443,0.0,0.0
2024-09-08,5193.534494821649,-1.7877401077175819,1.0,5272.418076514864,1.2613617294129824,-0.6404092197784017,-0.25082235483429793,-0.5405861264614443,0.0,0.0
2024-09-09,5192.008348582337,-1.5261462393118563,1.0,5272.418076514864,1.2613617294129824,-0.6404092197784017,-0.25082235483429793,-0.5405861264614443,0.0,0.0
2024-09-10,5188.964044866575,-3.0443037157619983,1.0,5272.418076514864,1.2613617294129824,-0.6404092197784017,-0.25082235483429793,-0.5405861264614443,0.0,0.0
2024-09-11,5188.555249980107,-0.4087948864680584,1.0,5272.418076514864,1.2613617294129824,-0.6404092197784017,-0.25082235483429793,-0.5405861264614443,0.0,0.0
2024-09-12,5190.275246054475,1.7199960743682823,-1.0,5185.774547419979,1.7936573384024261,0.0,-0.25082235483429793,-0.5405861264614443,0.0,0.0
